istat_code,comune,provincia,current_plan,current_variant,procedural_status,act_and_date,bur_publication,institutional_source_url,access_date,irdat_dataset_id,irdat_detail_url,irdat_admin_structure,irdat_metadata_date,irdat_publication_date,geometry_source,geometry_format,geometry_crs,geometry_layer_service_id,geometry_alignment_status,currentness_status,evidence_used,independent_current_source,eagle_access_status_baseline,cer_2018_reference,vector_download_status,vector_artifact_path,vector_bytes,vector_sha256,vector_archive_integrity,vector_shp_present,vector_prj_present,notes_gap,detail_error,supplement_source_url,supplement_fetch_status,supplement_sha256
030001,Aiello del Friuli,UD,PRGC Aiello del Friuli,Variant 20,,,,https://irdat.regione.fvg.it/consultatore-dati-ambientali-territoriali/detail/irdat/dataset/12101,2026-09-19,12101,https://irdat.regione.fvg.it/consultatore-dati-ambientali-territoriali/detail/irdat/dataset/12101,Comune di Aiello del Friuli,,,IRDAT/Comune,,,12101,IRDAT_RECORD_DETAIL_INCOMPLETE,CURRENT_SOURCE_FOUND_LINEAGE_INCOMPLETE,"Piano Regolatore Generale del Comune di Aiello del Friuli, Variante 19, esecutiva dal 26.09.2013. Variante 20 (art. 11, comme 2 DPR 0865/Pres): individuazione area Centro Raccolta - esecutiva dal 31.10.2013. Variante 21 (non sostanziale): modifiche NTA (inseriemento art. 21 bis) - esecutiva dal 24.04.2014. Variante 22 (non sostanziale): cambio destinazione Zona E in ambiti di inediamenti specifici ES - inserimento sottozona ES1C e sottozona E6a - esecutiva dal 15.10.2015. Variante 25 (non sostanziale): eliminazione della numerazione per le zone di espansione territoriale (a medio indice di edificabilità territoriale) C1 - esecutiva dal 15.10.2020. Variante 26 (non sostanziale): zona ES2 speciale ""realizzazione gattile"" - esecutiva dal 22.04.2021. Variante 27 (non sostanziale): pista ciclabile ""delle cantine"" - tratto Novacco-Strassoldo - esecutiva dal 10.03.2022.",,STANDARD_CONFIG_NOT_DETECTED_NOT_A_NEGATIVE_PROOF,D:20150820 H:20150820,NOT_ACQUIRED_CURRENTNESS_UNVERIFIED,,,,,,,Verificare assenza di varianti efficaci successive e allineamento puntuale del vettore.,,,,
030002,Amaro,UD,PRGC Amaro,,,,,https://irdat.regione.fvg.it/consultatore-dati-ambientali-territoriali/detail/irdat/dataset/12109,2026-09-19,12109,https://irdat.regione.fvg.it/consultatore-dati-ambientali-territoriali/detail/irdat/dataset/12109,Comune di Amaro,,,IRDAT/Comune,,,12109,IRDAT_RECORD_DETAIL_INCOMPLETE,CURRENT_SOURCE_FOUND_LINEAGE_INCOMPLETE,piano regolatore del Comune di Amaro,,PUBLIC_CONFIG_DETECTED,D:20171026 H:20171026,NOT_ACQUIRED_CURRENTNESS_UNVERIFIED,,,,,,,Verificare assenza di varianti efficaci successive e allineamento puntuale del vettore.,,,,
030003,Ampezzo,UD,PRGC Ampezzo,,,,,https://irdat.regione.fvg.it/consultatore-dati-ambientali-territoriali/detail/irdat/dataset/12110,2026-09-19,12110,https://irdat.regione.fvg.it/consultatore-dati-ambientali-territoriali/detail/irdat/dataset/12110,Comune di Ampezzo,,,IRDAT/Comune,,,12110,IRDAT_RECORD_DETAIL_INCOMPLETE,CURRENT_SOURCE_FOUND_LINEAGE_INCOMPLETE,piano regolatore del Comune di Ampezzo,,PUBLIC_CONFIG_DETECTED,D:20161110 H:,NOT_ACQUIRED_CURRENTNESS_UNVERIFIED,,,,,,,Verificare assenza di varianti efficaci successive e allineamento puntuale del vettore.,,,,
030004,Aquileia,UD,,,,,,https://comune.aquileia.ud.it/it/amministrazione-trasparente-16001/pianificazione-e-governo-del-territorio-20289/piano-regolatore-generale-comunale-prgc-121096,2026-09-19,,,,,,,,,,CURRENT_SOURCE_FOUND_GEOMETRY_TO_VERIFY,CURRENT_SOURCE_FOUND_LINEAGE_INCOMPLETE,"Pagina comunale PRGC aggiornata 05/08/2025; pubblica elaborati e varianti, inclusa documentazione v18 aggiornata v22 e materiale v24.",,STANDARD_CONFIG_NOT_DETECTED_NOT_A_NEGATIVE_PROOF,D:20170803 H:,NOT_ACQUIRED_CURRENTNESS_UNVERIFIED,,,,,,,Fonte istituzionale corrente individuata; ricostruire latest effective variant e geometria/lineage prima di qualunque uso in Fase 4.,,https://comune.aquileia.ud.it/it/amministrazione-trasparente-16001/pianificazione-e-governo-del-territorio-20289/piano-regolatore-generale-comunale-prgc-121096,HTTP_OK_KEYWORD_NOT_FOUND,b6cd3030d737fa340fdcdf0d6034c8c4ada0e35bd3663bbbd9797d8641f9bad6
030005,Arta Terme,UD,PRGC Arta Terme,,APPROVED_PUBLISHED,,,https://irdat.regione.fvg.it/consultatore-dati-ambientali-territoriali/detail/irdat/dataset/12272,2026-09-19,12272,https://irdat.regione.fvg.it/consultatore-dati-ambientali-territoriali/detail/irdat/dataset/12272,Comune di Arta Terme,,,IRDAT/Comune,,,12272,IRDAT_RECORD_DETAIL_INCOMPLETE,CURRENT_SOURCE_FOUND_LINEAGE_INCOMPLETE,"Estrazione comunale parziale derivata dalla Unione delle zone omogenee di tutti i piani regolatori della Carnia - L'assemblaggio viene aggiornato in modo dinamico seguendo le indicazioni degli Uffici Tecnici comunali. La Certificazione Urbanistica deve essere richiesta agli Uffici Tecnici Comunali. Il disallineamento dei confini dei comuni e dello zooning deriva dalle operazioni di raddrizzamento effettuate sugli strati originari per i Piani regolatori che sono stati in passato costruiti su basi catastali deformate. Le Zonizzazioni dei Piani Regolatori Generali Comunali sono pubblicate per la sola consultazione. L’identificazione geografica del mappale non ha significato di consultazione catastale ma ha il solo scopo di rappresentare la porzione di terreno nel contesto della pianificazione urbanistica del Comune. Il dato non ha carattere di ufficialità. La pubblicazione è concordata con gli Uffici Tecnici Comunali ed il grado di allineamento ai confini e di aggiornamento migliorerà progressivamente attraverso l’interazione tra Sistema Informativo Montano e Uffici Tecnici dei comuni. Per i comuni di Villa Santina, Enemonzo, Raveo e Lauco occorre tenere conto della Zonizzazione del Parco Intercomunale delle Colline Carniche (L.R. 42/1996). Per ogni qualsiasi altro dubbio sull'utilizzo del dato e sul grado di ufficialità si rimanda alla consultazione della scheda dei metadati, o si consiglia di fare riferimento al Punto di contatto.",,PUBLIC_CONFIG_DETECTED,D:20151029 H:20151029,NOT_ACQUIRED_CURRENTNESS_UNVERIFIED,,,,,,,Verificare assenza di varianti efficaci successive e allineamento puntuale del vettore.,,,,
030006,Artegna,UD,PRGC Artegna,Variant 19,APPROVED_PUBLISHED,,,https://irdat.regione.fvg.it/consultatore-dati-ambientali-territoriali/detail/irdat/dataset/12112,2026-09-19,12112,https://irdat.regione.fvg.it/consultatore-dati-ambientali-territoriali/detail/irdat/dataset/12112,Comune di Artegna,,,IRDAT/Comune,,,12112,IRDAT_RECORD_DETAIL_INCOMPLETE,CURRENT_SOURCE_FOUND_LINEAGE_INCOMPLETE,"piano regolatore del Comune di Artegna - variante 19. ADOZIONE DELIBERA C.C. N. 46 DEL 19/12/2023, APPROVAZIONE DELIBERA C.C. N. 19 DEL 15/07/2024.",,PUBLIC_CONFIG_DETECTED,D:20170406 H:20170406,NOT_ACQUIRED_CURRENTNESS_UNVERIFIED,,,,,,,Verificare assenza di varianti efficaci successive e allineamento puntuale del vettore.,,,,
030007,Attimis,UD,PRGC Attimis,,,,,https://irdat.regione.fvg.it/consultatore-dati-ambientali-territoriali/detail/irdat/dataset/12113,2026-09-19,12113,https://irdat.regione.fvg.it/consultatore-dati-ambientali-territoriali/detail/irdat/dataset/12113,Comune di Attimis,,,IRDAT/Comune,,,12113,IRDAT_RECORD_DETAIL_INCOMPLETE,CURRENT_SOURCE_FOUND_LINEAGE_INCOMPLETE,piano regolatore del Comune di Attimis,,PUBLIC_CONFIG_DETECTED,D:20140220 H:20140220,NOT_ACQUIRED_CURRENTNESS_UNVERIFIED,,,,,,,Verificare assenza di varianti efficaci successive e allineamento puntuale del vettore.,,,,
030008,Bagnaria Arsa,UD,PRGC Bagnaria Arsa,36,OFFICIAL_PRGC_PAGE_FOUND,,,https://www.comune.bagnariaarsa.ud.it/prgc/,2026-09-19,,,,,,Comune - elaborati PRGC,PDF/WEB,,,LINEAGE_NOT_FULLY_VERIFIED,CURRENT_SOURCE_FOUND_LINEAGE_INCOMPLETE,Pagina comunale PRGC con elaborati indicati come Bagnaria PRGC v36.,https://www.comune.bagnariaarsa.ud.it/prgc/,STANDARD_CONFIG_NOT_DETECTED_NOT_A_NEGATIVE_PROOF,D:20171130 H:20171130,NOT_ACQUIRED_LINEAGE_INCOMPLETE,,,,,,,Non dimostrata in modo chiuso l'assenza di varianti efficaci successive né acquisito un vettore ufficiale corrente allineato.,,https://www.comune.bagnariaarsa.ud.it/prgc/,NOT_MATERIALIZED,
030009,Basiliano,UD,PRGC Basiliano,Variant 41,APPROVED_PUBLISHED,,,https://irdat.regione.fvg.it/consultatore-dati-ambientali-territoriali/detail/irdat/dataset/12124,2026-09-19,12124,https://irdat.regione.fvg.it/consultatore-dati-ambientali-territoriali/detail/irdat/dataset/12124,Comune di Basiliano,,,IRDAT/Comune,,,12124,IRDAT_RECORD_DETAIL_INCOMPLETE,CURRENT_SOURCE_FOUND_LINEAGE_INCOMPLETE,"Piano regolatore del Comune di Basiliano . Variante 41 AL PRGC, adottata con delibera DI C.C. N.44 DEL 14.11.2025 e approvata con delibera del C.C. N. 57 DEL 29.12.2025.",,PUBLIC_CONFIG_DETECTED,D:20170601 H:20170601,NOT_ACQUIRED_CURRENTNESS_UNVERIFIED,,,,,,,Verificare assenza di varianti efficaci successive e allineamento puntuale del vettore.,,,,
030010,Bertiolo,UD,PRGC Bertiolo,,,,,https://irdat.regione.fvg.it/consultatore-dati-ambientali-territoriali/detail/irdat/dataset/12125,2026-09-19,12125,https://irdat.regione.fvg.it/consultatore-dati-ambientali-territoriali/detail/irdat/dataset/12125,Comune di Bertiolo,,,IRDAT/Comune,,,12125,IRDAT_RECORD_DETAIL_INCOMPLETE,CURRENT_SOURCE_FOUND_LINEAGE_INCOMPLETE,piano regolatore del Comune di Bertiolo,,PUBLIC_CONFIG_DETECTED,D:20160616 H:20160616,NOT_ACQUIRED_CURRENTNESS_UNVERIFIED,,,,,,,Verificare assenza di varianti efficaci successive e allineamento puntuale del vettore.,,,,
030011,Bicinicco,UD,,,,,,https://www.comune.bicinicco.ud.it/media/files/030011/attachment/SNT_Rapporto_ambientale.pdf,2026-09-19,,,,,,,,,,CURRENT_SOURCE_FOUND_GEOMETRY_TO_VERIFY,CURRENT_SOURCE_FOUND_LINEAGE_INCOMPLETE,Documento comunale della variante 19 di conformazione al PPR che richiama il vigente PRGC; lineage della variante efficace da completare.,,STANDARD_CONFIG_NOT_DETECTED_NOT_A_NEGATIVE_PROOF,D:20160929 H:20160929,NOT_ACQUIRED_CURRENTNESS_UNVERIFIED,,,,,,,Fonte istituzionale corrente individuata; ricostruire latest effective variant e geometria/lineage prima di qualunque uso in Fase 4.,,https://www.comune.bicinicco.ud.it/media/files/030011/attachment/SNT_Rapporto_ambientale.pdf,HTTP_OK_PDF_CURATED,b98f20e46574aae50e04cac2d80a8ff663bd2d1b8cb58c6d6f565640b63dddea
030012,Bordano,UD,PRGC Bordano,,,,,https://irdat.regione.fvg.it/consultatore-dati-ambientali-territoriali/detail/irdat/dataset/12126,2026-09-19,12126,https://irdat.regione.fvg.it/consultatore-dati-ambientali-territoriali/detail/irdat/dataset/12126,Comune di Bordano,,,IRDAT/Comune,,,12126,IRDAT_RECORD_DETAIL_INCOMPLETE,CURRENT_SOURCE_FOUND_LINEAGE_INCOMPLETE,piano regolatore del Comune di Bordano,,PUBLIC_CONFIG_DETECTED,D:20171019 H:,NOT_ACQUIRED_CURRENTNESS_UNVERIFIED,,,,,,,Verificare assenza di varianti efficaci successive e allineamento puntuale del vettore.,,,,
030013,Buja,UD,,,,,,https://www.comune.buja.ud.it/it/piano-regolatore-generale-comunale-v42-217032,2026-09-19,,,,,,,,,,CURRENT_SOURCE_FOUND_GEOMETRY_TO_VERIFY,CURRENT_SOURCE_FOUND_LINEAGE_INCOMPLETE,"Pagina comunale della variante 42, adottata con DCC 46/21-09-2023 e pubblicata BUR 41/11-10-2023; efficacia finale da ricostruire.",,STANDARD_CONFIG_NOT_DETECTED_NOT_A_NEGATIVE_PROOF,D:20141211 H:20141211,NOT_ACQUIRED_CURRENTNESS_UNVERIFIED,,,,,,,Fonte istituzionale corrente individuata; ricostruire latest effective variant e geometria/lineage prima di qualunque uso in Fase 4.,,https://www.comune.buja.ud.it/it/piano-regolatore-generale-comunale-v42-217032,HTTP_OK_KEYWORD_NOT_FOUND,3648a06688e46c98b3991fe698262b1d6115b0e1ddab553a10545ef87d9439e7
030014,Buttrio,UD,PRGC Buttrio,Variant 45,APPROVED_PUBLISHED,,,https://irdat.regione.fvg.it/consultatore-dati-ambientali-territoriali/detail/irdat/dataset/12128,2026-09-19,12128,https://irdat.regione.fvg.it/consultatore-dati-ambientali-territoriali/detail/irdat/dataset/12128,Comune di Buttrio,,,IRDAT/Comune,,,12128,IRDAT_RECORD_DETAIL_INCOMPLETE,CURRENT_SOURCE_FOUND_LINEAGE_INCOMPLETE,"Piano Regolatore Generale del Comune di Buttrio - Variante 45 P.R.G.C approvato con Delibera della Giunta Regionale n. 6 del 26.03.2025, adozione con Delibera del Consiglio Comunale n. 62 del 19.12.2024.",,PUBLIC_CONFIG_DETECTED,D:20161215 H:20161215,NOT_ACQUIRED_CURRENTNESS_UNVERIFIED,,,,,,,Verificare assenza di varianti efficaci successive e allineamento puntuale del vettore.,,,,
030015,Camino al Tagliamento,UD,PRGC Camino al Tagliamento,,,,,https://irdat.regione.fvg.it/consultatore-dati-ambientali-territoriali/detail/irdat/dataset/12129,2026-09-19,12129,https://irdat.regione.fvg.it/consultatore-dati-ambientali-territoriali/detail/irdat/dataset/12129,Comune di Camino al Tagliamento,,,IRDAT/Comune,,,12129,IRDAT_RECORD_DETAIL_INCOMPLETE,CURRENT_SOURCE_FOUND_LINEAGE_INCOMPLETE,piano regolatore del Comune di Camino al Tagliamento,,PUBLIC_CONFIG_DETECTED,D:20170413 H:,NOT_ACQUIRED_CURRENTNESS_UNVERIFIED,,,,,,,Verificare assenza di varianti efficaci successive e allineamento puntuale del vettore.,,,,
030016,Campoformido,UD,PRGC Campoformido,Variant 76,,,,https://irdat.regione.fvg.it/consultatore-dati-ambientali-territoriali/detail/irdat/dataset/12130,2026-09-19,12130,https://irdat.regione.fvg.it/consultatore-dati-ambientali-territoriali/detail/irdat/dataset/12130,Comune di Campoformido,,,IRDAT/Comune,,,12130,IRDAT_RECORD_DETAIL_INCOMPLETE,CURRENT_SOURCE_FOUND_LINEAGE_INCOMPLETE,Piano Regolatore Generale del Comune di Campoformido - Variante 76. Variante resa esecutiva il 02.03.2017,,PUBLIC_CONFIG_DETECTED,D:20170323 H:20170323,NOT_ACQUIRED_CURRENTNESS_UNVERIFIED,,,,,,,Verificare assenza di varianti efficaci successive e allineamento puntuale del vettore.,,,,
030018,Carlino,UD,PRGC Carlino,Variant 29,APPROVED_PUBLISHED,,,https://irdat.regione.fvg.it/consultatore-dati-ambientali-territoriali/detail/irdat/dataset/12278,2026-09-19,12278,https://irdat.regione.fvg.it/consultatore-dati-ambientali-territoriali/detail/irdat/dataset/12278,Comune di Carlino,,,IRDAT/Comune,,,12278,IRDAT_RECORD_DETAIL_INCOMPLETE,CURRENT_SOURCE_FOUND_LINEAGE_INCOMPLETE,"Piano regolatore del Comune di Carlino, la variante 29 è stata adottata con delibera di consiglio n. 33 del 31/07/2019 ed è stata approvata con delibera del consiglio n. 3 del 14/05/2020.",,PUBLIC_CONFIG_DETECTED,D:20161208 H:20161208,NOT_ACQUIRED_CURRENTNESS_UNVERIFIED,,,,,,,Verificare assenza di varianti efficaci successive e allineamento puntuale del vettore.,,,,
030019,Cassacco,UD,,,,,,https://comune.cassacco.ud.it/it/amministrazione-trasparente-4659/pianificazione-e-governo-del-territorio-4729/piano-regolatore-comunale-generale-14423,2026-09-19,,,,,,,,,,CURRENT_SOURCE_FOUND_GEOMETRY_TO_VERIFY,CURRENT_SOURCE_FOUND_LINEAGE_INCOMPLETE,Pagina comunale Piano Regolatore Comunale Generale con elaborati della variante 46 e precedenti; verifica di eventuali varianti successive ancora necessaria.,,STANDARD_CONFIG_NOT_DETECTED_NOT_A_NEGATIVE_PROOF,D:20150723 H:20150723,NOT_ACQUIRED_CURRENTNESS_UNVERIFIED,,,,,,,Fonte istituzionale corrente individuata; ricostruire latest effective variant e geometria/lineage prima di qualunque uso in Fase 4.,,https://comune.cassacco.ud.it/it/amministrazione-trasparente-4659/pianificazione-e-governo-del-territorio-4729/piano-regolatore-comunale-generale-14423,HTTP_OK_KEYWORD_NOT_FOUND,b6cd3030d737fa340fdcdf0d6034c8c4ada0e35bd3663bbbd9797d8641f9bad6
030020,Castions di Strada,UD,PRGC Castions di Strada,,,,,https://irdat.regione.fvg.it/consultatore-dati-ambientali-territoriali/detail/irdat/dataset/12136,2026-09-19,12136,https://irdat.regione.fvg.it/consultatore-dati-ambientali-territoriali/detail/irdat/dataset/12136,Comune di Castions di Strada,,,IRDAT/Comune,,,12136,IRDAT_RECORD_DETAIL_INCOMPLETE,CURRENT_SOURCE_FOUND_LINEAGE_INCOMPLETE,piano regolatore del Comune di Castions di Strada,,PUBLIC_CONFIG_DETECTED,D:20170810 H:20170810,NOT_ACQUIRED_CURRENTNESS_UNVERIFIED,,,,,,,Verificare assenza di varianti efficaci successive e allineamento puntuale del vettore.,,,,
030021,Cavazzo Carnico,UD,PRGC Cavazzo Carnico,,,,,https://irdat.regione.fvg.it/consultatore-dati-ambientali-territoriali/detail/irdat/dataset/12138,2026-09-19,12138,https://irdat.regione.fvg.it/consultatore-dati-ambientali-territoriali/detail/irdat/dataset/12138,Comune di Cavazzo Carnico,,,IRDAT/Comune,,,12138,IRDAT_RECORD_DETAIL_INCOMPLETE,CURRENT_SOURCE_FOUND_LINEAGE_INCOMPLETE,piano regolatore del Comune di Cavazzo Carnico,,PUBLIC_CONFIG_DETECTED,D: H:,NOT_ACQUIRED_CURRENTNESS_UNVERIFIED,,,,,,,Verificare assenza di varianti efficaci successive e allineamento puntuale del vettore.,,,,
030022,Cercivento,UD,PRGC Cercivento,,APPROVED_PUBLISHED,,,https://irdat.regione.fvg.it/consultatore-dati-ambientali-territoriali/detail/irdat/dataset/12139,2026-09-19,12139,https://irdat.regione.fvg.it/consultatore-dati-ambientali-territoriali/detail/irdat/dataset/12139,Comune di Cercivento,,,IRDAT/Comune,,,12139,IRDAT_RECORD_DETAIL_INCOMPLETE,CURRENT_SOURCE_FOUND_LINEAGE_INCOMPLETE,"Estrazione comunale parziale derivata dalla Unione delle zone omogenee di tutti i piani regolatori della Carnia - L'assemblaggio viene aggiornato in modo dinamico seguendo le indicazioni degli Uffici Tecnici comunali. La Certificazione Urbanistica deve essere richiesta agli Uffici Tecnici Comunali. Il disallineamento dei confini dei comuni e dello zooning deriva dalle operazioni di raddrizzamento effettuate sugli strati originari per i Piani regolatori che sono stati in passato costruiti su basi catastali deformate. Le Zonizzazioni dei Piani Regolatori Generali Comunali sono pubblicate per la sola consultazione. L’identificazione geografica del mappale non ha significato di consultazione catastale ma ha il solo scopo di rappresentare la porzione di terreno nel contesto della pianificazione urbanistica del Comune. Il dato non ha carattere di ufficialità. La pubblicazione è concordata con gli Uffici Tecnici Comunali ed il grado di allineamento ai confini e di aggiornamento migliorerà progressivamente attraverso l’interazione tra Sistema Informativo Montano e Uffici Tecnici dei comuni. Per i comuni di Villa Santina, Enemonzo, Raveo e Lauco occorre tenere conto della Zonizzazione del Parco Intercomunale delle Colline Carniche (L.R. 42/1996). Per ogni qualsiasi altro dubbio sull'utilizzo del dato e sul grado di ufficialità si rimanda alla consultazione della scheda dei metadati, o si consiglia di fare riferimento al Punto di contatto.",,PUBLIC_CONFIG_DETECTED,D: H:,NOT_ACQUIRED_CURRENTNESS_UNVERIFIED,,,,,,,Verificare assenza di varianti efficaci successive e allineamento puntuale del vettore.,,,,
030023,Cervignano del Friuli,UD,PRGC Cervignano del Friuli,Variant 91,APPROVED_PUBLISHED,,BUR n. 34 del 24/08/2022,https://irdat.regione.fvg.it/consultatore-dati-ambientali-territoriali/detail/irdat/dataset/12280,2026-09-19,12280,https://irdat.regione.fvg.it/consultatore-dati-ambientali-territoriali/detail/irdat/dataset/12280,Comune di Cervignano del Friuli,,,IRDAT/Comune,,,12280,IRDAT_RECORD_DETAIL_INCOMPLETE,CURRENT_SOURCE_FOUND_LINEAGE_INCOMPLETE,"Il vigente PRGC è stato approvato con deliberazione del Consiglio comunale n. 33 del 13/07/2001 la cui esecutività è stata confermata con DPGR n. 045/Pres. di data 15/02/2002; successivamente lo strumento urbanistico generale è stato oggetto di diverse varianti tra cui la variante n. 91 approvata ai sensi dell’art. 63 bis della L.R. 5/2007 e s.m.i. con deliberazione del Consiglio comunale n.16 del 25/03/2022, resa esecutiva con Decreto del Presidente della Regione 09/08/2022 n. 0105/Pres. pubblicato sul BUR n. 34 del 24/08/2022.",,PUBLIC_CONFIG_DETECTED,D:20170427 H:20170427,NOT_ACQUIRED_CURRENTNESS_UNVERIFIED,,,,,,,Verificare assenza di varianti efficaci successive e allineamento puntuale del vettore.,,,,
030024,Chiopris-Viscone,UD,PRGC Chiopris-Viscone,28,ONLINE_PLAN_INDICATIVE_NON_OFFICIAL,,,https://comune.chiopris-viscone.ud.it/it/il-comune-informa-52358/piano-regolatore-generale-comunale-online-52555,2026-09-19,,,,,,Comune / PRGC online,PDF/WEB,,,LINEAGE_NOT_FULLY_VERIFIED,CURRENT_SOURCE_FOUND_LINEAGE_INCOMPLETE,Pagina comunale con zonizzazione e relazione Variante 28; il Comune avverte che i contenuti online sono indicativi e non ufficiali.,https://comune.chiopris-viscone.ud.it/it/il-comune-informa-52358/piano-regolatore-generale-comunale-online-52555,PUBLIC_CONFIG_DETECTED,D:20130815 H:20130815,NOT_ACQUIRED_LINEAGE_INCOMPLETE,,,,,,,La stessa pagina esclude valore certificativo; ultima variante efficace e allineamento vettoriale non chiusi.,,https://comune.chiopris-viscone.ud.it/it/il-comune-informa-52358/piano-regolatore-generale-comunale-online-52555,MATERIALIZED,B6CD3030D737FA340FDCDF0D6034C8C4ADA0E35BD3663BBBD9797D8641F9BAD6
030025,Chiusaforte,UD,PRGC Chiusaforte,37,OFFICIAL_PLAN_DOCUMENT_FOUND,,,https://comune.chiusaforte.ud.it/media/files/md/030025/norme_Chiusaforte_a_var_37_novembre_2018_mxGcIP3.pdf,2026-09-19,,,,,,Comune - PDF PRGC,PDF,,,LINEAGE_NOT_FULLY_VERIFIED,CURRENT_SOURCE_FOUND_LINEAGE_INCOMPLETE,Documento comunale ufficiale delle norme coordinate alla Variante 37.,https://comune.chiusaforte.ud.it/media/files/md/030025/norme_Chiusaforte_a_var_37_novembre_2018_mxGcIP3.pdf,STANDARD_CONFIG_NOT_DETECTED_NOT_A_NEGATIVE_PROOF,D:20131024 H:,NOT_ACQUIRED_LINEAGE_INCOMPLETE,,,,,,,Documento di piano reperito ma non prova che la Variante 37 sia l'ultima efficace al 2026; nessun vettore corrente verificato.,,https://comune.chiusaforte.ud.it/media/files/md/030025/norme_Chiusaforte_a_var_37_novembre_2018_mxGcIP3.pdf,MATERIALIZED,3DEC73B949A1CA65D2EC47663B4AC4EAC259881327958AB8C6C52191798B4EB8
030026,Cividale del Friuli,UD,PRGC Cividale del Friuli,Variant 9,,,,https://irdat.regione.fvg.it/consultatore-dati-ambientali-territoriali/detail/irdat/dataset/12234,2026-09-19,12234,https://irdat.regione.fvg.it/consultatore-dati-ambientali-territoriali/detail/irdat/dataset/12234,Comune di Cividale del Friuli,,,IRDAT/Comune,,,12234,IRDAT_RECORD_DETAIL_INCOMPLETE,CURRENT_SOURCE_FOUND_LINEAGE_INCOMPLETE,"Piano Regolatore Generale Comunale della Citta' di Cividale del Friuli , Variante 9",,PUBLIC_CONFIG_DETECTED,D:20170406 H:20170406,NOT_ACQUIRED_CURRENTNESS_UNVERIFIED,,,,,,,Verificare assenza di varianti efficaci successive e allineamento puntuale del vettore.,,,,
030027,Codroipo,UD,PRGC Codroipo,,,,,https://irdat.regione.fvg.it/consultatore-dati-ambientali-territoriali/detail/irdat/dataset/12142,2026-09-19,12142,https://irdat.regione.fvg.it/consultatore-dati-ambientali-territoriali/detail/irdat/dataset/12142,Comune di Codroipo,,,IRDAT/Comune,,,12142,IRDAT_RECORD_DETAIL_INCOMPLETE,CURRENT_SOURCE_FOUND_LINEAGE_INCOMPLETE,piano regolatore del Comune di Codroipo,,PUBLIC_CONFIG_DETECTED,D:20171214 H:20171214,NOT_ACQUIRED_CURRENTNESS_UNVERIFIED,,,,,,,Verificare assenza di varianti efficaci successive e allineamento puntuale del vettore.,,,,
030028,Colloredo di Monte Albano,UD,PRGC Colloredo di Monte Albano,21,OFFICIAL_VARIANT_DOCUMENT_FOUND,,,https://www.comune.colloredodimontealbano.ud.it/media/files/030028/attachment/CMA_var_21_relazione_HeDMHYJ.pdf,2026-09-19,,,,,,Comune - elaborati Variante 21 / SIT collinare,PDF/WEBGIS,,,LINEAGE_NOT_FULLY_VERIFIED,CURRENT_SOURCE_FOUND_LINEAGE_INCOMPLETE,Relazione comunale Variante 21; SIT collinare pubblica PRGC aggiornato alla Var.21.,https://www.comune.colloredodimontealbano.ud.it/media/files/030028/attachment/CMA_var_21_relazione_HeDMHYJ.pdf,STANDARD_CONFIG_NOT_DETECTED_NOT_A_NEGATIVE_PROOF,D:20161222 H:,NOT_ACQUIRED_LINEAGE_INCOMPLETE,,,,,,,SIT ha finalità informative; manca chiusura formale sull'assenza di varianti efficaci successive e vettore ufficiale corrente.,,https://www.comune.colloredodimontealbano.ud.it/media/files/030028/attachment/CMA_var_21_relazione_HeDMHYJ.pdf,MATERIALIZED,DA418751C6A109999723F62DCF679E1C49306088812DF6D708D4ACFDD5076D60
030029,Comeglians,UD,PRGC Comeglians,,APPROVED_PUBLISHED,,,https://irdat.regione.fvg.it/consultatore-dati-ambientali-territoriali/detail/irdat/dataset/12143,2026-09-19,12143,https://irdat.regione.fvg.it/consultatore-dati-ambientali-territoriali/detail/irdat/dataset/12143,Comune di Comeglians,,,IRDAT/Comune,,,12143,IRDAT_RECORD_DETAIL_INCOMPLETE,CURRENT_SOURCE_FOUND_LINEAGE_INCOMPLETE,"Estrazione comunale parziale derivata dalla Unione delle zone omogenee di tutti i piani regolatori della Carnia - L'assemblaggio viene aggiornato in modo dinamico seguendo le indicazioni degli Uffici Tecnici comunali. La Certificazione Urbanistica deve essere richiesta agli Uffici Tecnici Comunali. Il disallineamento dei confini dei comuni e dello zooning deriva dalle operazioni di raddrizzamento effettuate sugli strati originari per i Piani regolatori che sono stati in passato costruiti su basi catastali deformate. Le Zonizzazioni dei Piani Regolatori Generali Comunali sono pubblicate per la sola consultazione. L’identificazione geografica del mappale non ha significato di consultazione catastale ma ha il solo scopo di rappresentare la porzione di terreno nel contesto della pianificazione urbanistica del Comune. Il dato non ha carattere di ufficialità. La pubblicazione è concordata con gli Uffici Tecnici Comunali ed il grado di allineamento ai confini e di aggiornamento migliorerà progressivamente attraverso l’interazione tra Sistema Informativo Montano e Uffici Tecnici dei comuni. Per i comuni di Villa Santina, Enemonzo, Raveo e Lauco occorre tenere conto della Zonizzazione del Parco Intercomunale delle Colline Carniche (L.R. 42/1996). Per ogni qualsiasi altro dubbio sull'utilizzo del dato e sul grado di ufficialità si rimanda alla consultazione della scheda dei metadati, o si consiglia di fare riferimento al Punto di contatto.",,PUBLIC_CONFIG_DETECTED,D:20170615 H:20170615,NOT_ACQUIRED_CURRENTNESS_UNVERIFIED,,,,,,,Verificare assenza di varianti efficaci successive e allineamento puntuale del vettore.,,,,
030030,Corno di Rosazzo,UD,PRGC Corno di Rosazzo,28,OFFICIAL_VARIANT_DOCUMENT_FOUND,,,https://www.comune.corno-di-rosazzo.ud.it/media/files/030030/attachment/Corno_di_Rosazzo_-_v.28_-_agg._e_ass._-_VAS_signed_WnZv7jr.pdf,2026-09-19,,,,,,Comune - PDF Variante 28,PDF,,,LINEAGE_NOT_FULLY_VERIFIED,CURRENT_SOURCE_FOUND_LINEAGE_INCOMPLETE,Documento ufficiale comunale riferito alla Variante 28.,https://www.comune.corno-di-rosazzo.ud.it/media/files/030030/attachment/Corno_di_Rosazzo_-_v.28_-_agg._e_ass._-_VAS_signed_WnZv7jr.pdf,STANDARD_CONFIG_NOT_DETECTED_NOT_A_NEGATIVE_PROOF,D:20151105 H:20151105,NOT_ACQUIRED_LINEAGE_INCOMPLETE,,,,,,,Non verificata la completa sequenza di efficacia fino al 2026 né un vettore corrente allineato.,,https://www.comune.corno-di-rosazzo.ud.it/media/files/030030/attachment/Corno_di_Rosazzo_-_v.28_-_agg._e_ass._-_VAS_signed_WnZv7jr.pdf,MATERIALIZED,A2C0706BD25A3D24CB7C23EF3A1C6A43ECF3C46A440D9872C08A0A361DACCEA8
030031,Coseano,UD,PRGC Coseano,,,,,https://irdat.regione.fvg.it/consultatore-dati-ambientali-territoriali/detail/irdat/dataset/12235,2026-09-19,12235,https://irdat.regione.fvg.it/consultatore-dati-ambientali-territoriali/detail/irdat/dataset/12235,Comune di Coseano,,,IRDAT/Comune,,,12235,IRDAT_RECORD_DETAIL_INCOMPLETE,CURRENT_SOURCE_FOUND_LINEAGE_INCOMPLETE,piano regolatore del Comune di Coseano,,PUBLIC_CONFIG_DETECTED,D:20180104 H:20180104,NOT_ACQUIRED_CURRENTNESS_UNVERIFIED,,,,,,,Verificare assenza di varianti efficaci successive e allineamento puntuale del vettore.,,,,
030032,Dignano,UD,PRGC Dignano,Variant 34,APPROVED_PUBLISHED,,,https://irdat.regione.fvg.it/consultatore-dati-ambientali-territoriali/detail/irdat/dataset/12287,2026-09-19,12287,https://irdat.regione.fvg.it/consultatore-dati-ambientali-territoriali/detail/irdat/dataset/12287,Comune di Dignano,,,IRDAT/Comune,,,12287,IRDAT_RECORD_DETAIL_INCOMPLETE,CURRENT_SOURCE_FOUND_LINEAGE_INCOMPLETE,"Piano Regolatore Generale del Comune di Dignano, aggiornato alla Variante n.34 - Adozione con Deliberazione Consigliare n.28 del 2 dicembre 2024, integrata con Deliberazione Consiliare n. 3 del 26 marzo 2025. Approvazione con Deliberazione Consiliare n. 5 del 27 marzo 2026.",,PUBLIC_CONFIG_DETECTED,D:20170223 H:20170223,NOT_ACQUIRED_CURRENTNESS_UNVERIFIED,,,,,,,Verificare assenza di varianti efficaci successive e allineamento puntuale del vettore.,,,,
030033,Dogna,UD,PRGC Dogna,,,,,https://irdat.regione.fvg.it/consultatore-dati-ambientali-territoriali/detail/irdat/dataset/12146,2026-09-19,12146,https://irdat.regione.fvg.it/consultatore-dati-ambientali-territoriali/detail/irdat/dataset/12146,Comune di Dogna,,,IRDAT/Comune,,,12146,IRDAT_RECORD_DETAIL_INCOMPLETE,CURRENT_SOURCE_FOUND_LINEAGE_INCOMPLETE,piano regolatore del Comune di Dogna,,PUBLIC_CONFIG_DETECTED,D: H:,NOT_ACQUIRED_CURRENTNESS_UNVERIFIED,,,,,,,Verificare assenza di varianti efficaci successive e allineamento puntuale del vettore.,,,,
030034,Drenchia,UD,PRGC Drenchia,Variant 11,,,,https://irdat.regione.fvg.it/consultatore-dati-ambientali-territoriali/detail/irdat/dataset/12147,2026-09-19,12147,https://irdat.regione.fvg.it/consultatore-dati-ambientali-territoriali/detail/irdat/dataset/12147,Comune di Drenchia,,,IRDAT/Comune,,,12147,IRDAT_RECORD_DETAIL_INCOMPLETE,CURRENT_SOURCE_FOUND_LINEAGE_INCOMPLETE,Piano Regolatore Generale del Comune di Drenchia . P.R.G.C aggiornato sino alla variante 11. Elaborazione della mosaicatura regionale del 2018.,,PUBLIC_CONFIG_DETECTED,D: H:,NOT_ACQUIRED_CURRENTNESS_UNVERIFIED,,,,,,,Verificare assenza di varianti efficaci successive e allineamento puntuale del vettore.,,,,
030035,Enemonzo,UD,PRGC Enemonzo,,APPROVED_PUBLISHED,,,https://irdat.regione.fvg.it/consultatore-dati-ambientali-territoriali/detail/irdat/dataset/12148,2026-09-19,12148,https://irdat.regione.fvg.it/consultatore-dati-ambientali-territoriali/detail/irdat/dataset/12148,Comune di Enemonzo,,,IRDAT/Comune,,,12148,IRDAT_RECORD_DETAIL_INCOMPLETE,CURRENT_SOURCE_FOUND_LINEAGE_INCOMPLETE,"Estrazione comunale parziale derivata dalla Unione delle zone omogenee di tutti i piani regolatori della Carnia - L'assemblaggio viene aggiornato in modo dinamico seguendo le indicazioni degli Uffici Tecnici comunali. La Certificazione Urbanistica deve essere richiesta agli Uffici Tecnici Comunali. Il disallineamento dei confini dei comuni e dello zooning deriva dalle operazioni di raddrizzamento effettuate sugli strati originari per i Piani regolatori che sono stati in passato costruiti su basi catastali deformate. Le Zonizzazioni dei Piani Regolatori Generali Comunali sono pubblicate per la sola consultazione. L’identificazione geografica del mappale non ha significato di consultazione catastale ma ha il solo scopo di rappresentare la porzione di terreno nel contesto della pianificazione urbanistica del Comune. Il dato non ha carattere di ufficialità. La pubblicazione è concordata con gli Uffici Tecnici Comunali ed il grado di allineamento ai confini e di aggiornamento migliorerà progressivamente attraverso l’interazione tra Sistema Informativo Montano e Uffici Tecnici dei comuni. Per i comuni di Villa Santina, Enemonzo, Raveo e Lauco occorre tenere conto della Zonizzazione del Parco Intercomunale delle Colline Carniche (L.R. 42/1996). Per ogni qualsiasi altro dubbio sull'utilizzo del dato e sul grado di ufficialità si rimanda alla consultazione della scheda dei metadati, o si consiglia di fare riferimento al Punto di contatto.",,PUBLIC_CONFIG_DETECTED,D:20170420 H:,NOT_ACQUIRED_CURRENTNESS_UNVERIFIED,,,,,,,Verificare assenza di varianti efficaci successive e allineamento puntuale del vettore.,,,,
030036,Faedis,UD,PRGC Faedis,,,,,https://irdat.regione.fvg.it/consultatore-dati-ambientali-territoriali/detail/irdat/dataset/12150,2026-09-19,12150,https://irdat.regione.fvg.it/consultatore-dati-ambientali-territoriali/detail/irdat/dataset/12150,Comune di Faedis,,,IRDAT/Comune,,,12150,IRDAT_RECORD_DETAIL_INCOMPLETE,CURRENT_SOURCE_FOUND_LINEAGE_INCOMPLETE,piano regolatore del Comune di Faedis,,PUBLIC_CONFIG_DETECTED,D:20140220 H:20140220,NOT_ACQUIRED_CURRENTNESS_UNVERIFIED,,,,,,,Verificare assenza di varianti efficaci successive e allineamento puntuale del vettore.,,,,
030037,Fagagna,UD,,,,,,https://www.comune.fagagna.ud.it/it/categories/prgc-23401,2026-09-19,,,,,,,,,,CURRENT_SOURCE_FOUND_GEOMETRY_TO_VERIFY,CURRENT_SOURCE_FOUND_LINEAGE_INCOMPLETE,Pagina comunale PRGC con voce esplicita 'PRGC vigente' e rinvio alla Comunità Collinare; variante e geometria da ricostruire.,,STANDARD_CONFIG_NOT_DETECTED_NOT_A_NEGATIVE_PROOF,D:20151217 H:20151217,NOT_ACQUIRED_CURRENTNESS_UNVERIFIED,,,,,,,Fonte istituzionale corrente individuata; ricostruire latest effective variant e geometria/lineage prima di qualunque uso in Fase 4.,,https://www.comune.fagagna.ud.it/it/categories/prgc-23401,HTTP_OK_KEYWORD_NOT_FOUND,b6cd3030d737fa340fdcdf0d6034c8c4ada0e35bd3663bbbd9797d8641f9bad6
030039,Flaibano,UD,PRGC Flaibano,23,OFFICIAL_VARIANTS_INDEX_FOUND,,,https://servizionline.comune.flaibano.ud.it/zf/index.php/trasparenza/index/index,2026-09-19,,,,,,Comune - documenti pianificazione,PDF/WEB,,,LINEAGE_NOT_FULLY_VERIFIED,CURRENT_SOURCE_FOUND_LINEAGE_INCOMPLETE,"Indice comunale di pianificazione espone varianti 20, 22 e 23; archivio storico identifica anche una 'Variante vigente'.",https://servizionline.comune.flaibano.ud.it/zf/index.php/trasparenza/index/index,STANDARD_CONFIG_NOT_DETECTED_NOT_A_NEGATIVE_PROOF,D:20160303 H:20160303,NOT_ACQUIRED_LINEAGE_INCOMPLETE,,,,,,,Stato procedurale ed efficacia della variante più recente non ricostruiti integralmente; nessun vettore corrente verificato.,,https://servizionline.comune.flaibano.ud.it/zf/index.php/trasparenza/index/index,MATERIALIZED,B2F31ACFBBC63D32952A3A91C85E56F2665B83DBBAD925EABFE0DA9D0DA402FD
030040,Forni Avoltri,UD,PRGC Forni Avoltri,,APPROVED_PUBLISHED,,,https://irdat.regione.fvg.it/consultatore-dati-ambientali-territoriali/detail/irdat/dataset/12155,2026-09-19,12155,https://irdat.regione.fvg.it/consultatore-dati-ambientali-territoriali/detail/irdat/dataset/12155,Comune di Forni Avoltri,,,IRDAT/Comune,,,12155,IRDAT_RECORD_DETAIL_INCOMPLETE,CURRENT_SOURCE_FOUND_LINEAGE_INCOMPLETE,"Estrazione comunale parziale derivata dalla Unione delle zone omogenee di tutti i piani regolatori della Carnia - L'assemblaggio viene aggiornato in modo dinamico seguendo le indicazioni degli Uffici Tecnici comunali. La Certificazione Urbanistica deve essere richiesta agli Uffici Tecnici Comunali. Il disallineamento dei confini dei comuni e dello zooning deriva dalle operazioni di raddrizzamento effettuate sugli strati originari per i Piani regolatori che sono stati in passato costruiti su basi catastali deformate. Le Zonizzazioni dei Piani Regolatori Generali Comunali sono pubblicate per la sola consultazione. L’identificazione geografica del mappale non ha significato di consultazione catastale ma ha il solo scopo di rappresentare la porzione di terreno nel contesto della pianificazione urbanistica del Comune. Il dato non ha carattere di ufficialità. La pubblicazione è concordata con gli Uffici Tecnici Comunali ed il grado di allineamento ai confini e di aggiornamento migliorerà progressivamente attraverso l’interazione tra Sistema Informativo Montano e Uffici Tecnici dei comuni. Per i comuni di Villa Santina, Enemonzo, Raveo e Lauco occorre tenere conto della Zonizzazione del Parco Intercomunale delle Colline Carniche (L.R. 42/1996). Per ogni qualsiasi altro dubbio sull'utilizzo del dato e sul grado di ufficialità si rimanda alla consultazione della scheda dei metadati, o si consiglia di fare riferimento al Punto di contatto.",,PUBLIC_CONFIG_DETECTED,D:20110127 H:,NOT_ACQUIRED_CURRENTNESS_UNVERIFIED,,,,,,,Verificare assenza di varianti efficaci successive e allineamento puntuale del vettore.,,,,
030041,Forni di Sopra,UD,PRGC Forni di Sopra,,APPROVED_PUBLISHED,,,https://irdat.regione.fvg.it/consultatore-dati-ambientali-territoriali/detail/irdat/dataset/12156,2026-09-19,12156,https://irdat.regione.fvg.it/consultatore-dati-ambientali-territoriali/detail/irdat/dataset/12156,Comune di Forni di Sopra,,,IRDAT/Comune,,,12156,IRDAT_RECORD_DETAIL_INCOMPLETE,CURRENT_SOURCE_FOUND_LINEAGE_INCOMPLETE,"Estrazione comunale parziale derivata dalla Unione delle zone omogenee di tutti i piani regolatori della Carnia - L'assemblaggio viene aggiornato in modo dinamico seguendo le indicazioni degli Uffici Tecnici comunali. La Certificazione Urbanistica deve essere richiesta agli Uffici Tecnici Comunali. Il disallineamento dei confini dei comuni e dello zooning deriva dalle operazioni di raddrizzamento effettuate sugli strati originari per i Piani regolatori che sono stati in passato costruiti su basi catastali deformate. Le Zonizzazioni dei Piani Regolatori Generali Comunali sono pubblicate per la sola consultazione. L’identificazione geografica del mappale non ha significato di consultazione catastale ma ha il solo scopo di rappresentare la porzione di terreno nel contesto della pianificazione urbanistica del Comune. Il dato non ha carattere di ufficialità. La pubblicazione è concordata con gli Uffici Tecnici Comunali ed il grado di allineamento ai confini e di aggiornamento migliorerà progressivamente attraverso l’interazione tra Sistema Informativo Montano e Uffici Tecnici dei comuni. Per i comuni di Villa Santina, Enemonzo, Raveo e Lauco occorre tenere conto della Zonizzazione del Parco Intercomunale delle Colline Carniche (L.R. 42/1996). Per ogni qualsiasi altro dubbio sull'utilizzo del dato e sul grado di ufficialità si rimanda alla consultazione della scheda dei metadati, o si consiglia di fare riferimento al Punto di contatto.",,PUBLIC_CONFIG_DETECTED,D:20161124 H:20161124,NOT_ACQUIRED_CURRENTNESS_UNVERIFIED,,,,,,,Verificare assenza di varianti efficaci successive e allineamento puntuale del vettore.,,,,
030042,Forni di Sotto,UD,PRGC Forni di Sotto,,APPROVED_PUBLISHED,,,https://irdat.regione.fvg.it/consultatore-dati-ambientali-territoriali/detail/irdat/dataset/12157,2026-09-19,12157,https://irdat.regione.fvg.it/consultatore-dati-ambientali-territoriali/detail/irdat/dataset/12157,Comune di Forni di Sotto,,,IRDAT/Comune,,,12157,IRDAT_RECORD_DETAIL_INCOMPLETE,CURRENT_SOURCE_FOUND_LINEAGE_INCOMPLETE,"Estrazione comunale parziale derivata dalla Unione delle zone omogenee di tutti i piani regolatori della Carnia - L'assemblaggio viene aggiornato in modo dinamico seguendo le indicazioni degli Uffici Tecnici comunali. La Certificazione Urbanistica deve essere richiesta agli Uffici Tecnici Comunali. Il disallineamento dei confini dei comuni e dello zooning deriva dalle operazioni di raddrizzamento effettuate sugli strati originari per i Piani regolatori che sono stati in passato costruiti su basi catastali deformate. Le Zonizzazioni dei Piani Regolatori Generali Comunali sono pubblicate per la sola consultazione. L’identificazione geografica del mappale non ha significato di consultazione catastale ma ha il solo scopo di rappresentare la porzione di terreno nel contesto della pianificazione urbanistica del Comune. Il dato non ha carattere di ufficialità. La pubblicazione è concordata con gli Uffici Tecnici Comunali ed il grado di allineamento ai confini e di aggiornamento migliorerà progressivamente attraverso l’interazione tra Sistema Informativo Montano e Uffici Tecnici dei comuni. Per i comuni di Villa Santina, Enemonzo, Raveo e Lauco occorre tenere conto della Zonizzazione del Parco Intercomunale delle Colline Carniche (L.R. 42/1996). Per ogni qualsiasi altro dubbio sull'utilizzo del dato e sul grado di ufficialità si rimanda alla consultazione della scheda dei metadati, o si consiglia di fare riferimento al Punto di contatto.",,PUBLIC_CONFIG_DETECTED,D:20100101 H:,NOT_ACQUIRED_CURRENTNESS_UNVERIFIED,,,,,,,Verificare assenza di varianti efficaci successive e allineamento puntuale del vettore.,,,,
030043,Gemona del Friuli,UD,PRGC Gemona del Friuli,Variant 77,APPROVED_PUBLISHED,,,https://irdat.regione.fvg.it/consultatore-dati-ambientali-territoriali/detail/irdat/dataset/12159,2026-09-19,12159,https://irdat.regione.fvg.it/consultatore-dati-ambientali-territoriali/detail/irdat/dataset/12159,Comune di Gemona del Friuli,,,IRDAT/Comune,,,12159,IRDAT_RECORD_DETAIL_INCOMPLETE,CURRENT_SOURCE_FOUND_LINEAGE_INCOMPLETE,"Piano Regolatore Generale del Comune di Gemona del Friuli. Aggiornato alla Variante n.77, approvata con Delibera del Consiglio Comunale n. 29 del 07.06.2023, pubblicata sul B.U.R. n. 25 del 21.06.2023.",,PUBLIC_CONFIG_DETECTED,D:20171121 H:20171121,NOT_ACQUIRED_CURRENTNESS_UNVERIFIED,,,,,,,Verificare assenza di varianti efficaci successive e allineamento puntuale del vettore.,,,,
030044,Gonars,UD,,,,,,https://servizi-gonars.regione.fvg.it/it/amministrazione-trasparente-51662/pianificazione-e-governo-del-territorio-51732,2026-09-19,,,,,,,,,,CURRENT_SOURCE_FOUND_GEOMETRY_TO_VERIFY,CURRENT_SOURCE_FOUND_LINEAGE_INCOMPLETE,Pagina ufficiale di pianificazione: richiama PRGC vigente e variante 12 di conformazione al PPR in corso/adottata; vigente precedente da ricostruire.,,STANDARD_CONFIG_NOT_DETECTED_NOT_A_NEGATIVE_PROOF,D:20171103 H:20171103,NOT_ACQUIRED_CURRENTNESS_UNVERIFIED,,,,,,,Fonte istituzionale corrente individuata; ricostruire latest effective variant e geometria/lineage prima di qualunque uso in Fase 4.,,https://servizi-gonars.regione.fvg.it/it/amministrazione-trasparente-51662/pianificazione-e-governo-del-territorio-51732,HTTP_OK_KEYWORD_NOT_FOUND,3648a06688e46c98b3991fe698262b1d6115b0e1ddab553a10545ef87d9439e7
030045,Grimacco,UD,PRGC Grimacco,,,,,https://irdat.regione.fvg.it/consultatore-dati-ambientali-territoriali/detail/irdat/dataset/12161,2026-09-19,12161,https://irdat.regione.fvg.it/consultatore-dati-ambientali-territoriali/detail/irdat/dataset/12161,Comune di Grimacco,,,IRDAT/Comune,,,12161,IRDAT_RECORD_DETAIL_INCOMPLETE,CURRENT_SOURCE_FOUND_LINEAGE_INCOMPLETE,piano regolatore del Comune di Grimacco,,PUBLIC_CONFIG_DETECTED,D:20010412 H:,NOT_ACQUIRED_CURRENTNESS_UNVERIFIED,,,,,,,Verificare assenza di varianti efficaci successive e allineamento puntuale del vettore.,,,,
030046,Latisana,UD,,,,,,https://www.comune.latisana.ud.it/it/amministrazione-trasparente-17647/altri-contenuti-17749/dati-ulteriori-17753/urbanistica-49952/varianti-al-piano-regolatore-generale-comunale-prgc-52175,2026-09-19,,,,,,,,,,CURRENT_SOURCE_FOUND_GEOMETRY_TO_VERIFY,CURRENT_SOURCE_FOUND_LINEAGE_INCOMPLETE,Pagina comunale varianti aggiornata 20/03/2026; elenca fino alla variante 70 approvata DCC 3/26-02-2026.,,STANDARD_CONFIG_NOT_DETECTED_NOT_A_NEGATIVE_PROOF,D:20151210 H:20151210,NOT_ACQUIRED_CURRENTNESS_UNVERIFIED,,,,,,,Fonte istituzionale corrente individuata; ricostruire latest effective variant e geometria/lineage prima di qualunque uso in Fase 4.,,https://www.comune.latisana.ud.it/it/amministrazione-trasparente-17647/altri-contenuti-17749/dati-ulteriori-17753/urbanistica-49952/varianti-al-piano-regolatore-generale-comunale-prgc-52175,HTTP_OK_KEYWORD_NOT_FOUND,54f4f17065fddce34a748ccc118014134df9131c56286a6529b4bb65f6b145f3
030047,Lauco,UD,PRGC Lauco,,APPROVED_PUBLISHED,,,https://irdat.regione.fvg.it/consultatore-dati-ambientali-territoriali/detail/irdat/dataset/12295,2026-09-19,12295,https://irdat.regione.fvg.it/consultatore-dati-ambientali-territoriali/detail/irdat/dataset/12295,Comune di Lauco,,,IRDAT/Comune,,,12295,IRDAT_RECORD_DETAIL_INCOMPLETE,CURRENT_SOURCE_FOUND_LINEAGE_INCOMPLETE,"Estrazione comunale parziale derivata dalla Unione delle zone omogenee di tutti i piani regolatori della Carnia - L'assemblaggio viene aggiornato in modo dinamico seguendo le indicazioni degli Uffici Tecnici comunali. La Certificazione Urbanistica deve essere richiesta agli Uffici Tecnici Comunali. Il disallineamento dei confini dei comuni e dello zooning deriva dalle operazioni di raddrizzamento effettuate sugli strati originari per i Piani regolatori che sono stati in passato costruiti su basi catastali deformate. Le Zonizzazioni dei Piani Regolatori Generali Comunali sono pubblicate per la sola consultazione. L’identificazione geografica del mappale non ha significato di consultazione catastale ma ha il solo scopo di rappresentare la porzione di terreno nel contesto della pianificazione urbanistica del Comune. Il dato non ha carattere di ufficialità. La pubblicazione è concordata con gli Uffici Tecnici Comunali ed il grado di allineamento ai confini e di aggiornamento migliorerà progressivamente attraverso l’interazione tra Sistema Informativo Montano e Uffici Tecnici dei comuni. Per i comuni di Villa Santina, Enemonzo, Raveo e Lauco occorre tenere conto della Zonizzazione del Parco Intercomunale delle Colline Carniche (L.R. 42/1996). Per ogni qualsiasi altro dubbio sull'utilizzo del dato e sul grado di ufficialità si rimanda alla consultazione della scheda dei metadati, o si consiglia di fare riferimento al Punto di contatto.",,PUBLIC_CONFIG_DETECTED,D:20120510 H:,NOT_ACQUIRED_CURRENTNESS_UNVERIFIED,,,,,,,Verificare assenza di varianti efficaci successive e allineamento puntuale del vettore.,,,,
030048,Lestizza,UD,PRGC Lestizza,22,OFFICIAL_VARIANT_DOCUMENT_FOUND,,,https://www.comune.lestizza.ud.it/media/files/md/030048/Modifiche_Variante_22.pdf,2026-09-19,,,,,,Comune - PDF Variante 22,PDF,,,LINEAGE_NOT_FULLY_VERIFIED,CURRENT_SOURCE_FOUND_LINEAGE_INCOMPLETE,Documento comunale ufficiale relativo alla Variante 22.,https://www.comune.lestizza.ud.it/media/files/md/030048/Modifiche_Variante_22.pdf,PUBLIC_CONFIG_DETECTED,D:20151112 H:20151112,NOT_ACQUIRED_LINEAGE_INCOMPLETE,,,,,,,La fonte non chiude la verifica dell'ultima variante efficace al 2026 né fornisce vettore corrente verificato.,,https://www.comune.lestizza.ud.it/media/files/md/030048/Modifiche_Variante_22.pdf,MATERIALIZED,916BCB0FC721CFDCD63730351B1CA0FE1AC3BCAC2FB00B3A27D39B2E1476DAA9
030049,Lignano Sabbiadoro,UD,,,,,,https://comune.lignano-sabbiadoro.ud.it/amministrazione/documenti-e-dati/amministrazione-trasparente/pianificazione-e-governo-del-territorio,2026-09-19,,,,,,,,,,CURRENT_SOURCE_FOUND_GEOMETRY_TO_VERIFY,CURRENT_SOURCE_FOUND_LINEAGE_INCOMPLETE,Pagina comunale 'Strumenti Pianificatori Vigenti' con PRGC e link al piano online; variante efficace da ricostruire.,,STANDARD_CONFIG_NOT_DETECTED_NOT_A_NEGATIVE_PROOF,D:20150430 H:,NOT_ACQUIRED_CURRENTNESS_UNVERIFIED,,,,,,,Fonte istituzionale corrente individuata; ricostruire latest effective variant e geometria/lineage prima di qualunque uso in Fase 4.,,https://comune.lignano-sabbiadoro.ud.it/amministrazione/documenti-e-dati/amministrazione-trasparente/pianificazione-e-governo-del-territorio,HTTP_OK_KEYWORD_CONFIRMED,f29991d9a6c3fb02ee98e848126ac7ddff2bd4aef1db31516e938ad42d42dc2e
030051,Lusevera,UD,PRGC Lusevera,,OFFICIAL_PRGC_REFERENCE_FOUND,,,https://www.comune.lusevera.ud.it/documento_pubblico/richiesta-certificato-di-destinazione-urbanistica/,2026-09-19,,,,,,Comune - riferimento PRGC,WEB/PDF,,,LINEAGE_NOT_FULLY_VERIFIED,CURRENT_SOURCE_FOUND_LINEAGE_INCOMPLETE,Pagina comunale CDU conferma che le destinazioni sono certificate secondo il PRGC comunale.,https://www.comune.lusevera.ud.it/documento_pubblico/richiesta-certificato-di-destinazione-urbanistica/,STANDARD_CONFIG_NOT_DETECTED_NOT_A_NEGATIVE_PROOF,D: H:,NOT_ACQUIRED_LINEAGE_INCOMPLETE,,,,,,,Fonte istituzionale utile ma non identifica versione/ultima variante efficace; nessuna geometria corrente verificata.,,https://www.comune.lusevera.ud.it/documento_pubblico/richiesta-certificato-di-destinazione-urbanistica/,NOT_MATERIALIZED,
030052,Magnano in Riviera,UD,PRGC Magnano in riviera,Variant 41,APPROVED_PUBLISHED,,,https://irdat.regione.fvg.it/consultatore-dati-ambientali-territoriali/detail/irdat/dataset/12299,2026-09-19,12299,https://irdat.regione.fvg.it/consultatore-dati-ambientali-territoriali/detail/irdat/dataset/12299,Comune di Magnano in riviera,,,IRDAT/Comune,,,12299,IRDAT_RECORD_DETAIL_INCOMPLETE,CURRENT_SOURCE_FOUND_LINEAGE_INCOMPLETE,"piano regolatore del Comune di Magnano in Riviera variante 41, data di adozione della variante: 29/11/2023, data di approvazione della variante: 13/02/2024",,PUBLIC_CONFIG_DETECTED,D:20141016 H:20141016,NOT_ACQUIRED_CURRENTNESS_UNVERIFIED,,,,,,,Verificare assenza di varianti efficaci successive e allineamento puntuale del vettore.,,,,
030053,Majano,UD,PRGC Majano,35,ADOPTED_NOT_PROVEN_EFFECTIVE,DCC 29 del 30/09/2025 - adozione,BUR 42 del 15/10/2025 - avviso di adozione,https://www.comune.majano.ud.it/it/novita-190841/notizie-190842/avviso-di-deposito-del-progetto-di-conformazione-al-ppr-adozione-variante-n-35-al-prgc-312543,2026-09-19,,,,,,Comune - elaborati Variante 35,PDF,,,LINEAGE_NOT_FULLY_VERIFIED,CURRENT_SOURCE_FOUND_LINEAGE_INCOMPLETE,Avviso ufficiale documenta adozione e deposito della Variante 35.,https://www.comune.majano.ud.it/it/novita-190841/notizie-190842/avviso-di-deposito-del-progetto-di-conformazione-al-ppr-adozione-variante-n-35-al-prgc-312543,STANDARD_CONFIG_NOT_DETECTED_NOT_A_NEGATIVE_PROOF,D:20160526 H:20160526,NOT_ACQUIRED_LINEAGE_INCOMPLETE,,,,,,,Adozione non equivale a vigenza; non reperita prova sufficiente di approvazione/efficacia finale né vettore corrente allineato.,,https://www.comune.majano.ud.it/it/novita-190841/notizie-190842/avviso-di-deposito-del-progetto-di-conformazione-al-ppr-adozione-variante-n-35-al-prgc-312543,MATERIALIZED,3648A06688E46C98B3991FE698262B1D6115B0E1DDAB553A10545EF87D9439E7
030054,Malborghetto Valbruna,UD,PRGC Malborghetto-Valbruna,Variant 38,,,,https://irdat.regione.fvg.it/consultatore-dati-ambientali-territoriali/detail/irdat/dataset/12162,2026-09-19,12162,https://irdat.regione.fvg.it/consultatore-dati-ambientali-territoriali/detail/irdat/dataset/12162,Comune di Malborghetto Valbruna,,,IRDAT/Comune,,,12162,IRDAT_RECORD_DETAIL_INCOMPLETE,CURRENT_SOURCE_FOUND_LINEAGE_INCOMPLETE,Piano Regolatore Generale del Comune di Malborghetto Valbruna - Variante 38,,PUBLIC_CONFIG_DETECTED,D:20161229 H:20161229,NOT_ACQUIRED_CURRENTNESS_UNVERIFIED,,,,,,,Verificare assenza di varianti efficaci successive e allineamento puntuale del vettore.,,,,
030055,Manzano,UD,PRGC Manzano,Variant 27,APPROVED_PUBLISHED,,,https://irdat.regione.fvg.it/consultatore-dati-ambientali-territoriali/detail/irdat/dataset/12163,2026-09-19,12163,https://irdat.regione.fvg.it/consultatore-dati-ambientali-territoriali/detail/irdat/dataset/12163,Comune di Manzano,,,IRDAT/Comune,,,12163,IRDAT_RECORD_DETAIL_INCOMPLETE,CURRENT_SOURCE_FOUND_LINEAGE_INCOMPLETE,Piano Regolatore Generale del Comune di Manzano. Piano Regolatore Generale Comunale aggiornato alla Variante n. 27 approvata. Adottato con delibera de C.C. n. 56 del 30.12.2020.,,PUBLIC_CONFIG_DETECTED,D:20141023 H:20141023,NOT_ACQUIRED_CURRENTNESS_UNVERIFIED,,,,,,,Verificare assenza di varianti efficaci successive e allineamento puntuale del vettore.,,,,
030056,Marano Lagunare,UD,PRGC Marano Lagunare,8,OFFICIAL_ACT_REFERENCES_VIGENT_PRGC,Atto comunale 2023,,https://www.comune.maranolagunare.ud.it/media/files/030056/attachment/GDG_2023_40_Approvazione_progetto_esecutivo_eHday6l.pdf,2026-09-19,,,,,,Comune - documenti PRGC,PDF,,,LINEAGE_NOT_FULLY_VERIFIED,CURRENT_SOURCE_FOUND_LINEAGE_INCOMPLETE,Atto comunale richiama la conformità agli strumenti urbanistici vigenti e il PRGC Var.8.,https://www.comune.maranolagunare.ud.it/media/files/030056/attachment/GDG_2023_40_Approvazione_progetto_esecutivo_eHday6l.pdf,STANDARD_CONFIG_NOT_DETECTED_NOT_A_NEGATIVE_PROOF,D:20140109 H:,NOT_ACQUIRED_LINEAGE_INCOMPLETE,,,,,,,Riferimento utile ma non abbastanza recente/esaustivo per escludere varianti efficaci successive al 2023; nessun vettore corrente verificato.,,https://www.comune.maranolagunare.ud.it/media/files/030056/attachment/GDG_2023_40_Approvazione_progetto_esecutivo_eHday6l.pdf,MATERIALIZED,939804DB39FF2583D2DF6A464BF51A4B47963224667B647B99C8DD47367FF9A3
030057,Martignacco,UD,PRGC Martignacco,Variant 46,APPROVED_PUBLISHED,,BUR n. 1 del 02.01.2020,https://irdat.regione.fvg.it/consultatore-dati-ambientali-territoriali/detail/irdat/dataset/12164,2026-09-19,12164,https://irdat.regione.fvg.it/consultatore-dati-ambientali-territoriali/detail/irdat/dataset/12164,Comune di Martignacco,,,IRDAT/Comune,,,12164,IRDAT_RECORD_DETAIL_INCOMPLETE,CURRENT_SOURCE_FOUND_LINEAGE_INCOMPLETE,"Piano Regolatore Generale del Comune di Martignacco. Variante n. 46 al Piano regolatore generale comunale inerente il ridisegno della zonizzazione su nuova base catastale, riporto varianti approvate redatte separatamente, recepimento del PAIR e della microzonazione sismica. Pubblicazione ai sensi e per gli effetti dell'art. 8, comma 1 della Legge Regionale n. 21 del 25.09.2015 e s.m.i. Adottata con Deliberazione del Consiglio Comunale n. 33 del 30.09.2019, esecutiva ai sensi di Legge. Approvata con Deliberazione del Consiglio Comunale n. 46 del 16.12.2019, esecutiva ai sensi di Legge. - BUR n. 1 del 02.01.2020.",,PUBLIC_CONFIG_DETECTED,D:20180412 H:20180412,NOT_ACQUIRED_CURRENTNESS_UNVERIFIED,,,,,,,Verificare assenza di varianti efficaci successive e allineamento puntuale del vettore.,,,,
030058,Mereto di Tomba,UD,PRGC Mereto di Tomba,,,,,https://irdat.regione.fvg.it/consultatore-dati-ambientali-territoriali/detail/irdat/dataset/12166,2026-09-19,12166,https://irdat.regione.fvg.it/consultatore-dati-ambientali-territoriali/detail/irdat/dataset/12166,Comune di Mereto di Tomba,,,IRDAT/Comune,,,12166,IRDAT_RECORD_DETAIL_INCOMPLETE,CURRENT_SOURCE_FOUND_LINEAGE_INCOMPLETE,I dati visualizzati nelle mappe sono stati costruiti in collaborazione tra Ufficio Tecnico Comunale e l'Associazione Intercomunale del Medio Friuli e da questi ultimi gestiti.,,PUBLIC_CONFIG_DETECTED,D:20171026 H:,NOT_ACQUIRED_CURRENTNESS_UNVERIFIED,,,,,,,Verificare assenza di varianti efficaci successive e allineamento puntuale del vettore.,,,,
030059,Moggio Udinese,UD,PRGC Moggio Udinese,16,VARIANT_16_ADOPTED_WITH_APPROVAL_MATERIAL_PRESENT,DCC 52 del 17/12/2025 - adozione; documenti DC012-2026 di approvazione presenti,Avviso BUR presente tra gli allegati,https://www.comune.moggioudinese.ud.it/it/amministrazione-trasparente-7882/pianificazione-e-governo-del-territorio-8055,2026-09-19,,,,,,Comune - elaborati varianti,PDF,,,LINEAGE_NOT_FULLY_VERIFIED,CURRENT_SOURCE_FOUND_LINEAGE_INCOMPLETE,"Pagina comunale aggiornata al 24/03/2026 espone Variante 16 e documenti di approvazione, oltre a varianti precedenti.",https://www.comune.moggioudinese.ud.it/it/amministrazione-trasparente-7882/pianificazione-e-governo-del-territorio-8055,STANDARD_CONFIG_NOT_DETECTED_NOT_A_NEGATIVE_PROOF,D:20180118 H:,NOT_ACQUIRED_LINEAGE_INCOMPLETE,,,,,,,Necessaria verifica puntuale di efficacia finale/BUR e dell'allineamento di una geometria vettoriale corrente.,,https://www.comune.moggioudinese.ud.it/it/amministrazione-trasparente-7882/pianificazione-e-governo-del-territorio-8055,MATERIALIZED,B6CD3030D737FA340FDCDF0D6034C8C4ADA0E35BD3663BBBD9797D8641F9BAD6
030060,Moimacco,UD,PRGC Moimacco,Variant 25,APPROVED_PUBLISHED,,,https://irdat.regione.fvg.it/consultatore-dati-ambientali-territoriali/detail/irdat/dataset/12167,2026-09-19,12167,https://irdat.regione.fvg.it/consultatore-dati-ambientali-territoriali/detail/irdat/dataset/12167,Comune di Moimacco,,,IRDAT/Comune,,,12167,IRDAT_RECORD_DETAIL_INCOMPLETE,CURRENT_SOURCE_FOUND_LINEAGE_INCOMPLETE,"Piano Regolatore Generale del Comune di Moimacco. Piano Regolatore Generale Comunale aggiornato alla Variante n. 25, adottato con delibera di Consiglio Comunale n. 28 del 28/12/2018, approvata con delibera del Consiglio Comunale n. 17 del 29/04/2019.",,PUBLIC_CONFIG_DETECTED,D:20160211 H:20160211,NOT_ACQUIRED_CURRENTNESS_UNVERIFIED,,,,,,,Verificare assenza di varianti efficaci successive e allineamento puntuale del vettore.,,,,
030061,Montenars,UD,PRGC Montenars,Variant 3,APPROVED_PUBLISHED,,,https://irdat.regione.fvg.it/consultatore-dati-ambientali-territoriali/detail/irdat/dataset/12168,2026-09-19,12168,https://irdat.regione.fvg.it/consultatore-dati-ambientali-territoriali/detail/irdat/dataset/12168,Comune di Montenars,,,IRDAT/Comune,,,12168,IRDAT_RECORD_DETAIL_INCOMPLETE,CURRENT_SOURCE_FOUND_LINEAGE_INCOMPLETE,"Piano Regolatore Generale del Comune di Montenars. Variante n. 3 approvata con delibera consiliare n. 11 del 18 marzo 2011, confermata l'esecutivita' con decreto n. 0196/Pres. del 10 agosto 2011 e pubblicata sul B.U.R. n. 34 del 24 agosto 2011.",,PUBLIC_CONFIG_DETECTED,D: H:,NOT_ACQUIRED_CURRENTNESS_UNVERIFIED,,,,,,,Verificare assenza di varianti efficaci successive e allineamento puntuale del vettore.,,,,
030062,Mortegliano,UD,PRGC Mortegliano,,,,,https://irdat.regione.fvg.it/consultatore-dati-ambientali-territoriali/detail/irdat/dataset/12240,2026-09-19,12240,https://irdat.regione.fvg.it/consultatore-dati-ambientali-territoriali/detail/irdat/dataset/12240,Comune di Mortegliano,,,IRDAT/Comune,,,12240,IRDAT_RECORD_DETAIL_INCOMPLETE,CURRENT_SOURCE_FOUND_LINEAGE_INCOMPLETE,Piano Regolatore Generale del Comune di Mortegliano,,PUBLIC_CONFIG_DETECTED,D:20180412 H:20180412,NOT_ACQUIRED_CURRENTNESS_UNVERIFIED,,,,,,,Verificare assenza di varianti efficaci successive e allineamento puntuale del vettore.,,,,
030063,Moruzzo,UD,PRGC Moruzzo,28,VAR_28_ADOPTED; PRIOR_VARIANTS_PRESENT,DCC 7 del 30/04/2026 - adozione Variante 28,BUR 20 del 20/05/2026 - avviso di adozione,https://servizionline.comune.moruzzo.ud.it/c030063/zf/index.php/trasparenza/index/index/categoria/109,2026-09-19,,,,,,Comune - PRGC/varianti,PDF/WEB,,,LINEAGE_NOT_FULLY_VERIFIED,CURRENT_SOURCE_FOUND_LINEAGE_INCOMPLETE,"Sezione ufficiale mostra Var.23 approvazione 'VIGENTE', varianti 26-27 e Var.28 in sola ADOZIONE.",https://servizionline.comune.moruzzo.ud.it/c030063/zf/index.php/trasparenza/index/index/categoria/109,STANDARD_CONFIG_NOT_DETECTED_NOT_A_NEGATIVE_PROOF,D:20170727 H:,NOT_ACQUIRED_LINEAGE_INCOMPLETE,,,,,,,"La base vigente e le varianti puntuali sono individuate, ma la lineage efficace completa fino a Var.27 e l'allineamento vettoriale devono essere ricostruiti prima della promozione.",,https://servizionline.comune.moruzzo.ud.it/c030063/zf/index.php/trasparenza/index/index/categoria/109,MATERIALIZED,2DD9B3733EA6896658A3D36283265395C33CBB0E914D012A176A91898B8D4A01
030064,Muzzana del Turgnano,UD,PRGC Muzzana del Turgnano,Variant 13,APPROVED_PUBLISHED,,,https://irdat.regione.fvg.it/consultatore-dati-ambientali-territoriali/detail/irdat/dataset/12172,2026-09-19,12172,https://irdat.regione.fvg.it/consultatore-dati-ambientali-territoriali/detail/irdat/dataset/12172,Comune di Muzzana del Turgnano,,,IRDAT/Comune,,,12172,IRDAT_RECORD_DETAIL_INCOMPLETE,CURRENT_SOURCE_FOUND_LINEAGE_INCOMPLETE,"Piano Regolatore Generale del Comune di Muzzana del Turgnano. Piano Regolatore Generale Comunale aggiornato alla Variante n.13, adottato con delibera di C.C. n. 38 del 05.12.2018 e approvato con delibera di C.C. n. 3 del 27.03.2019.",,PUBLIC_CONFIG_DETECTED,D:20171026 H:,NOT_ACQUIRED_CURRENTNESS_UNVERIFIED,,,,,,,Verificare assenza di varianti efficaci successive e allineamento puntuale del vettore.,,,,
030065,Nimis,UD,PRGC Nimis,Variant 29,,,,https://irdat.regione.fvg.it/consultatore-dati-ambientali-territoriali/detail/irdat/dataset/12173,2026-09-19,12173,https://irdat.regione.fvg.it/consultatore-dati-ambientali-territoriali/detail/irdat/dataset/12173,Comune di Nimis,,,IRDAT/Comune,,,12173,IRDAT_RECORD_DETAIL_INCOMPLETE,CURRENT_SOURCE_FOUND_LINEAGE_INCOMPLETE,"Piano Regolatore Generale Comune di Nimis. Piano Regolatore Generale Comunale aggiornato alla Variante n.29, adottato con delibera de C.C. n. 7 del 07.04.2016.",,PUBLIC_CONFIG_DETECTED,D:20160825 H:20160825,NOT_ACQUIRED_CURRENTNESS_UNVERIFIED,,,,,,,Verificare assenza di varianti efficaci successive e allineamento puntuale del vettore.,,,,
030066,Osoppo,UD,PRGC Osoppo,17,OFFICIAL_VARIANT_DOCUMENT_FOUND,,,https://comune.osoppo.ud.it/media/files/030066/attachment/All._1_-_RELAZIONE_Yc6PyO7.pdf,2026-09-19,,,,,,Comune - PDF Variante 17,PDF,,,LINEAGE_NOT_FULLY_VERIFIED,CURRENT_SOURCE_FOUND_LINEAGE_INCOMPLETE,Relazione comunale ufficiale della Variante 17; altre fonti istituzionali segnalano procedimenti successivi.,https://comune.osoppo.ud.it/media/files/030066/attachment/All._1_-_RELAZIONE_Yc6PyO7.pdf,STANDARD_CONFIG_NOT_DETECTED_NOT_A_NEGATIVE_PROOF,D:20170608 H:20170608,NOT_ACQUIRED_LINEAGE_INCOMPLETE,,,,,,,Ultima variante efficace non chiusa; nessun vettore corrente allineato verificato.,,https://comune.osoppo.ud.it/media/files/030066/attachment/All._1_-_RELAZIONE_Yc6PyO7.pdf,MATERIALIZED,EAC10B35DF24EF63C288A43FEF7F4B0804AB5CFF1328460AF8170C65918B1E74
030067,Ovaro,UD,PRGC Ovaro,,APPROVED_PUBLISHED,,,https://irdat.regione.fvg.it/consultatore-dati-ambientali-territoriali/detail/irdat/dataset/12174,2026-09-19,12174,https://irdat.regione.fvg.it/consultatore-dati-ambientali-territoriali/detail/irdat/dataset/12174,Comune di Ovaro,,,IRDAT/Comune,,,12174,IRDAT_RECORD_DETAIL_INCOMPLETE,CURRENT_SOURCE_FOUND_LINEAGE_INCOMPLETE,"Estrazione comunale parziale derivata dalla Unione delle zone omogenee di tutti i piani regolatori della Carnia - L'assemblaggio viene aggiornato in modo dinamico seguendo le indicazioni degli Uffici Tecnici comunali. La Certificazione Urbanistica deve essere richiesta agli Uffici Tecnici Comunali. Il disallineamento dei confini dei comuni e dello zooning deriva dalle operazioni di raddrizzamento effettuate sugli strati originari per i Piani regolatori che sono stati in passato costruiti su basi catastali deformate. Le Zonizzazioni dei Piani Regolatori Generali Comunali sono pubblicate per la sola consultazione. L’identificazione geografica del mappale non ha significato di consultazione catastale ma ha il solo scopo di rappresentare la porzione di terreno nel contesto della pianificazione urbanistica del Comune. Il dato non ha carattere di ufficialità. La pubblicazione è concordata con gli Uffici Tecnici Comunali ed il grado di allineamento ai confini e di aggiornamento migliorerà progressivamente attraverso l’interazione tra Sistema Informativo Montano e Uffici Tecnici dei comuni. Per i comuni di Villa Santina, Enemonzo, Raveo e Lauco occorre tenere conto della Zonizzazione del Parco Intercomunale delle Colline Carniche (L.R. 42/1996). Per ogni qualsiasi altro dubbio sull'utilizzo del dato e sul grado di ufficialità si rimanda alla consultazione della scheda dei metadati, o si consiglia di fare riferimento al Punto di contatto.",,PUBLIC_CONFIG_DETECTED,D:20170112 H:,NOT_ACQUIRED_CURRENTNESS_UNVERIFIED,,,,,,,Verificare assenza di varianti efficaci successive e allineamento puntuale del vettore.,,,,
030068,Pagnacco,UD,PRGC Pagnacco,,APPROVED_PUBLISHED,,,https://irdat.regione.fvg.it/consultatore-dati-ambientali-territoriali/detail/irdat/dataset/12309,2026-09-19,12309,https://irdat.regione.fvg.it/consultatore-dati-ambientali-territoriali/detail/irdat/dataset/12309,Comune di Pagnacco,,,IRDAT/Comune,,,12309,IRDAT_RECORD_DETAIL_INCOMPLETE,CURRENT_SOURCE_FOUND_LINEAGE_INCOMPLETE,"Piano regolatore del Comune di Pagnacco, variante generale n. 35 - Reiterazione vincoli e modifiche azzonative e alle Norme di attuazione) ADOTTATA con Delibera C.C. n° 4 del 19/02/2018 B.U.R. n° 15 del 11/04/2018 APPROVATA con Delibera C.C. n° 61 del 11/12/2018 Delibera G.Reg. n° 226 del 12/02/2019 (conferma esecutività) B.U.R. n° 9 del 27/02/2019 ESECUTIVA dal 28/02/2019",,PUBLIC_CONFIG_DETECTED,D:20130418 H:,NOT_ACQUIRED_CURRENTNESS_UNVERIFIED,,,,,,,Verificare assenza di varianti efficaci successive e allineamento puntuale del vettore.,,,,
030069,Palazzolo dello Stella,UD,PRGC Palazzolo dello Stella,Variant 56,APPROVED_PUBLISHED,,,https://irdat.regione.fvg.it/consultatore-dati-ambientali-territoriali/detail/irdat/dataset/12175,2026-09-19,12175,https://irdat.regione.fvg.it/consultatore-dati-ambientali-territoriali/detail/irdat/dataset/12175,Comune di Palazzolo dello Stella,,,IRDAT/Comune,,,12175,IRDAT_RECORD_DETAIL_INCOMPLETE,CURRENT_SOURCE_FOUND_LINEAGE_INCOMPLETE,"Piano Regolatore Generale del Comune di Palazzolo dello Stella - Variante 56. Variante 56 adottatta con delibera del Consiglio Comunale n. 18 del 11.08.2014, approvata con delibera del Consiglio Comunale n. 10 del 30.06.2015 e confermata esecutiva con Delibera di Giunta Regionale n. 2027 del 16.10.2015.",,PUBLIC_CONFIG_DETECTED,D:20161222 H:20161222,NOT_ACQUIRED_CURRENTNESS_UNVERIFIED,,,,,,,Verificare assenza di varianti efficaci successive e allineamento puntuale del vettore.,,,,
030070,Palmanova,UD,PRGC Palmanova,71,ADOPTED_NOT_PROVEN_EFFECTIVE,DCC 53 del 18/12/2025 - adozione Variante 71,,https://comune.palmanova.ud.it/media/files/030070/attachment/Delibera_adozione_53_2025_12_18.pdf,2026-09-19,,,,,,Comune - elaborati Variante 71,PDF,,,LINEAGE_NOT_FULLY_VERIFIED,CURRENT_SOURCE_FOUND_LINEAGE_INCOMPLETE,Delibera ufficiale comunale documenta l'adozione della Variante 71.,https://comune.palmanova.ud.it/media/files/030070/attachment/Delibera_adozione_53_2025_12_18.pdf,STANDARD_CONFIG_NOT_DETECTED_NOT_A_NEGATIVE_PROOF,D:20161110 H:20161110,NOT_ACQUIRED_LINEAGE_INCOMPLETE,,,,,,,Adozione non equivale a efficacia; manca prova finale di approvazione/pubblicazione e vettore corrente allineato.,,https://comune.palmanova.ud.it/media/files/030070/attachment/Delibera_adozione_53_2025_12_18.pdf,MATERIALIZED,3B47C60311D557F61BF2B185B852D25421B598E1FDF67A1B79D569FEC74990C6
030071,Paluzza,UD,PRGC Paluzza,,APPROVED_PUBLISHED,,,https://irdat.regione.fvg.it/consultatore-dati-ambientali-territoriali/detail/irdat/dataset/12311,2026-09-19,12311,https://irdat.regione.fvg.it/consultatore-dati-ambientali-territoriali/detail/irdat/dataset/12311,Comune di Paluzza,,,IRDAT/Comune,,,12311,IRDAT_RECORD_DETAIL_INCOMPLETE,CURRENT_SOURCE_FOUND_LINEAGE_INCOMPLETE,"Estrazione comunale parziale derivata dalla Unione delle zone omogenee di tutti i piani regolatori della Carnia - L'assemblaggio viene aggiornato in modo dinamico seguendo le indicazioni degli Uffici Tecnici comunali. La Certificazione Urbanistica deve essere richiesta agli Uffici Tecnici Comunali. Il disallineamento dei confini dei comuni e dello zooning deriva dalle operazioni di raddrizzamento effettuate sugli strati originari per i Piani regolatori che sono stati in passato costruiti su basi catastali deformate. Le Zonizzazioni dei Piani Regolatori Generali Comunali sono pubblicate per la sola consultazione. L’identificazione geografica del mappale non ha significato di consultazione catastale ma ha il solo scopo di rappresentare la porzione di terreno nel contesto della pianificazione urbanistica del Comune. Il dato non ha carattere di ufficialità. La pubblicazione è concordata con gli Uffici Tecnici Comunali ed il grado di allineamento ai confini e di aggiornamento migliorerà progressivamente attraverso l’interazione tra Sistema Informativo Montano e Uffici Tecnici dei comuni. Per i comuni di Villa Santina, Enemonzo, Raveo e Lauco occorre tenere conto della Zonizzazione del Parco Intercomunale delle Colline Carniche (L.R. 42/1996). Per ogni qualsiasi altro dubbio sull'utilizzo del dato e sul grado di ufficialità si rimanda alla consultazione della scheda dei metadati, o si consiglia di fare riferimento al Punto di contatto.",,PUBLIC_CONFIG_DETECTED,D:20080103 H:,NOT_ACQUIRED_CURRENTNESS_UNVERIFIED,,,,,,,Verificare assenza di varianti efficaci successive e allineamento puntuale del vettore.,,,,
030072,Pasian di Prato,UD,PRGC Pasian di Prato,67,VARIANT_67_ADOPTION_NOTICE_PRESENT,,,https://comune.pasiandiprato.ud.it/,2026-09-19,,,,,,Comune - PRGC e varianti,PDF/WEB,,,LINEAGE_NOT_FULLY_VERIFIED,CURRENT_SOURCE_FOUND_LINEAGE_INCOMPLETE,Il sito comunale espone Piano Regolatore e avviso di deposito relativo all'adozione della Variante 67; archivio pubblica PRGC coordinato con Var.58.,https://comune.pasiandiprato.ud.it/,STANDARD_CONFIG_NOT_DETECTED_NOT_A_NEGATIVE_PROOF,D:20180412 H:20180412,NOT_ACQUIRED_LINEAGE_INCOMPLETE,,,,,,,Non chiusa l'efficacia della Var.67 né la sequenza delle varianti intermedie; vettore corrente non verificato.,,https://comune.pasiandiprato.ud.it/,MATERIALIZED,99C4B60D28C446B694EF001273FB77C3483DCC58A1EB113C5EA12B3A0D3F6444
030073,Paularo,UD,PRGC Paularo,,APPROVED_PUBLISHED,,,https://irdat.regione.fvg.it/consultatore-dati-ambientali-territoriali/detail/irdat/dataset/12313,2026-09-19,12313,https://irdat.regione.fvg.it/consultatore-dati-ambientali-territoriali/detail/irdat/dataset/12313,Comune di Paularo,,,IRDAT/Comune,,,12313,IRDAT_RECORD_DETAIL_INCOMPLETE,CURRENT_SOURCE_FOUND_LINEAGE_INCOMPLETE,"Estrazione comunale parziale derivata dalla Unione delle zone omogenee di tutti i piani regolatori della Carnia - L'assemblaggio viene aggiornato in modo dinamico seguendo le indicazioni degli Uffici Tecnici comunali. La Certificazione Urbanistica deve essere richiesta agli Uffici Tecnici Comunali. Il disallineamento dei confini dei comuni e dello zooning deriva dalle operazioni di raddrizzamento effettuate sugli strati originari per i Piani regolatori che sono stati in passato costruiti su basi catastali deformate. Le Zonizzazioni dei Piani Regolatori Generali Comunali sono pubblicate per la sola consultazione. L’identificazione geografica del mappale non ha significato di consultazione catastale ma ha il solo scopo di rappresentare la porzione di terreno nel contesto della pianificazione urbanistica del Comune. Il dato non ha carattere di ufficialità. La pubblicazione è concordata con gli Uffici Tecnici Comunali ed il grado di allineamento ai confini e di aggiornamento migliorerà progressivamente attraverso l’interazione tra Sistema Informativo Montano e Uffici Tecnici dei comuni. Per i comuni di Villa Santina, Enemonzo, Raveo e Lauco occorre tenere conto della Zonizzazione del Parco Intercomunale delle Colline Carniche (L.R. 42/1996). Per ogni qualsiasi altro dubbio sull'utilizzo del dato e sul grado di ufficialità si rimanda alla consultazione della scheda dei metadati, o si consiglia di fare riferimento al Punto di contatto.",,PUBLIC_CONFIG_DETECTED,D:20090402 H:,NOT_ACQUIRED_CURRENTNESS_UNVERIFIED,,,,,,,Verificare assenza di varianti efficaci successive e allineamento puntuale del vettore.,,,,
030074,Pavia di Udine,UD,PRGC Pavia di Udine,Variant 49,APPROVED_PUBLISHED,,,https://irdat.regione.fvg.it/consultatore-dati-ambientali-territoriali/detail/irdat/dataset/12358,2026-09-19,12358,https://irdat.regione.fvg.it/consultatore-dati-ambientali-territoriali/detail/irdat/dataset/12358,Comune di Pavia di Udine,,,IRDAT/Comune,,,12358,IRDAT_RECORD_DETAIL_INCOMPLETE,CURRENT_SOURCE_FOUND_LINEAGE_INCOMPLETE,Piano Regolatore Generale Comunale del Comune di Pavia di Udine aggiornato alla Variante n. 49 adottata in data 05.12.2018 e approvata in data 08.04.2019.,,PUBLIC_CONFIG_DETECTED,D:20170713 H:20170713,NOT_ACQUIRED_CURRENTNESS_UNVERIFIED,,,,,,,Verificare assenza di varianti efficaci successive e allineamento puntuale del vettore.,,,,
030075,Pocenia,UD,PRGC Pocenia,Variant 34,APPROVED_PUBLISHED,,,https://irdat.regione.fvg.it/consultatore-dati-ambientali-territoriali/detail/irdat/dataset/12176,2026-09-19,12176,https://irdat.regione.fvg.it/consultatore-dati-ambientali-territoriali/detail/irdat/dataset/12176,Comune di Pocenia,,,IRDAT/Comune,,,12176,IRDAT_RECORD_DETAIL_INCOMPLETE,CURRENT_SOURCE_FOUND_LINEAGE_INCOMPLETE,Piano Regolatore Generale del Comune di Pocenia - Variante 34. Approvata con delibera del C.C. n. 3 del 05.02.2025.,,PUBLIC_CONFIG_DETECTED,D:20160901 H:20160901,NOT_ACQUIRED_CURRENTNESS_UNVERIFIED,,,,,,,Verificare assenza di varianti efficaci successive e allineamento puntuale del vettore.,,,,
030076,Pontebba,UD,PRGC Pontebba,Variant 71,APPROVED_PUBLISHED,,,https://irdat.regione.fvg.it/consultatore-dati-ambientali-territoriali/detail/irdat/dataset/12179,2026-09-19,12179,https://irdat.regione.fvg.it/consultatore-dati-ambientali-territoriali/detail/irdat/dataset/12179,Comune di Pontebba,,,IRDAT/Comune,,,12179,IRDAT_RECORD_DETAIL_INCOMPLETE,CURRENT_SOURCE_FOUND_LINEAGE_INCOMPLETE,"Piano Regolatore Generale del Comune di Pontebba . Piano Regolatore Generale Comunale aggiornato alla Variante n. 71, adottata con delibera di C.C. n. 4 del 19.03.2019 e approvata con delibera di C.C. n. 38 del 25.07.2019, pubblicata sul B.U.R. n. 33 del 14.08.2019. Variante al PRGC n. 72 approvata con delibera di C.C. n. 20 del 30.04.2020. Variante al PRGC n. 73 adottata con delibera di C.C. n. 35 del 30.04.2020. Variante al PRGC n. 75 adottata con delibera di C.C. n. 21 del 30.04.2020. Variante al PRGC n. 72 adottata con delibera di C.C. n. 22 del 30.04.2020.",,PUBLIC_CONFIG_DETECTED,D:20171012 H:20171012,NOT_ACQUIRED_CURRENTNESS_UNVERIFIED,,,,,,,Verificare assenza di varianti efficaci successive e allineamento puntuale del vettore.,,,,
030077,Porpetto,UD,PRGC Porpetto,12,ADOPTED_NOT_PROVEN_EFFECTIVE,Adozione Variante 12 - maggio 2026,,https://www.comune.porpetto.ud.it/novita/piano-regolatore-generale-comunale/,2026-09-19,,,,,,Comune - elaborati Variante 12,PDF,,,LINEAGE_NOT_FULLY_VERIFIED,CURRENT_SOURCE_FOUND_LINEAGE_INCOMPLETE,Avviso comunale del 22/05/2026 documenta il deposito dell'adozione della Variante 12.,https://www.comune.porpetto.ud.it/novita/piano-regolatore-generale-comunale/,STANDARD_CONFIG_NOT_DETECTED_NOT_A_NEGATIVE_PROOF,D:20131010 H:20131010,NOT_ACQUIRED_LINEAGE_INCOMPLETE,,,,,,,Procedimento in adozione; non dimostrata efficacia finale né vettore corrente allineato.,,https://www.comune.porpetto.ud.it/novita/piano-regolatore-generale-comunale/,NOT_MATERIALIZED,
030078,Povoletto,UD,PRGC Povoletto,39,OFFICIAL_PRGC_PAGE_WITH_VARIANT_MODIFICATIONS,,,https://www.comune.povoletto.ud.it/piano-regolatore-generale-comunale/,2026-09-19,,,,,,Comune - zonizzazione e modifiche,PDF/WEB,,,LINEAGE_NOT_FULLY_VERIFIED,CURRENT_SOURCE_FOUND_LINEAGE_INCOMPLETE,Pagina comunale PRGC pubblica zonizzazione e modifiche fino alla Variante 39; documentazione separata cita procedimenti successivi.,https://www.comune.povoletto.ud.it/piano-regolatore-generale-comunale/,STANDARD_CONFIG_NOT_DETECTED_NOT_A_NEGATIVE_PROOF,D:20160929 H:20160929,NOT_ACQUIRED_LINEAGE_INCOMPLETE,,,,,,,La pagina PRGC non chiude la lineage delle varianti successive né l'allineamento vettoriale corrente.,,https://www.comune.povoletto.ud.it/piano-regolatore-generale-comunale/,NOT_MATERIALIZED,
030079,Pozzuolo del Friuli,UD,PRGC Pozzuolo del Friuli,51+,OFFICIAL_DOCUMENT_DESCRIBES_VIGENT_BASE_AND_SUCCESSIVE_VARIANTS,,,https://comune.pozzuolo.udine.it/media/files/030079/attachment/Relazione_DtqzVMq.pdf,2026-09-19,,,,,,Comune - PDF PRGC,PDF,,,LINEAGE_NOT_FULLY_VERIFIED,CURRENT_SOURCE_FOUND_LINEAGE_INCOMPLETE,"Relazione comunale indica PRGC vigente basato sulla Variante generale 30 e successive varianti, tra cui 50 e 51.",https://comune.pozzuolo.udine.it/media/files/030079/attachment/Relazione_DtqzVMq.pdf,STANDARD_CONFIG_NOT_DETECTED_NOT_A_NEGATIVE_PROOF,D:20161103 H:20161103,NOT_ACQUIRED_LINEAGE_INCOMPLETE,,,,,,,Il documento non consente di stabilire con certezza l'ultima variante efficace al 2026; vettore corrente non verificato.,,https://comune.pozzuolo.udine.it/media/files/030079/attachment/Relazione_DtqzVMq.pdf,NOT_MATERIALIZED,
030080,Pradamano,UD,PRGC Pradamano,,,,,https://irdat.regione.fvg.it/consultatore-dati-ambientali-territoriali/detail/irdat/dataset/12180,2026-09-19,12180,https://irdat.regione.fvg.it/consultatore-dati-ambientali-territoriali/detail/irdat/dataset/12180,Comune di Pradamano,,,IRDAT/Comune,,,12180,IRDAT_RECORD_DETAIL_INCOMPLETE,CURRENT_SOURCE_FOUND_LINEAGE_INCOMPLETE,piano regolatore del Comune di Pradamano,,PUBLIC_CONFIG_DETECTED,D:20140821 H:20140821,NOT_ACQUIRED_CURRENTNESS_UNVERIFIED,,,,,,,Verificare assenza di varianti efficaci successive e allineamento puntuale del vettore.,,,,
030081,Prato Carnico,UD,PRGC Prato carnico,,APPROVED_PUBLISHED,,,https://irdat.regione.fvg.it/consultatore-dati-ambientali-territoriali/detail/irdat/dataset/12181,2026-09-19,12181,https://irdat.regione.fvg.it/consultatore-dati-ambientali-territoriali/detail/irdat/dataset/12181,Comune di Prato Carnico,,,IRDAT/Comune,,,12181,IRDAT_RECORD_DETAIL_INCOMPLETE,CURRENT_SOURCE_FOUND_LINEAGE_INCOMPLETE,"Estrazione comunale parziale derivata dalla Unione delle zone omogenee di tutti i piani regolatori della Carnia - L'assemblaggio viene aggiornato in modo dinamico seguendo le indicazioni degli Uffici Tecnici comunali. La Certificazione Urbanistica deve essere richiesta agli Uffici Tecnici Comunali. Il disallineamento dei confini dei comuni e dello zooning deriva dalle operazioni di raddrizzamento effettuate sugli strati originari per i Piani regolatori che sono stati in passato costruiti su basi catastali deformate. Le Zonizzazioni dei Piani Regolatori Generali Comunali sono pubblicate per la sola consultazione. L’identificazione geografica del mappale non ha significato di consultazione catastale ma ha il solo scopo di rappresentare la porzione di terreno nel contesto della pianificazione urbanistica del Comune. Il dato non ha carattere di ufficialità. La pubblicazione è concordata con gli Uffici Tecnici Comunali ed il grado di allineamento ai confini e di aggiornamento migliorerà progressivamente attraverso l’interazione tra Sistema Informativo Montano e Uffici Tecnici dei comuni. Per i comuni di Villa Santina, Enemonzo, Raveo e Lauco occorre tenere conto della Zonizzazione del Parco Intercomunale delle Colline Carniche (L.R. 42/1996). Per ogni qualsiasi altro dubbio sull'utilizzo del dato e sul grado di ufficialità si rimanda alla consultazione della scheda dei metadati, o si consiglia di fare riferimento al Punto di contatto.",,PUBLIC_CONFIG_DETECTED,D:20171012 H:,NOT_ACQUIRED_CURRENTNESS_UNVERIFIED,,,,,,,Verificare assenza di varianti efficaci successive e allineamento puntuale del vettore.,,,,
030082,Precenicco,UD,PRGC Precenicco,Variant 20,APPROVED_PUBLISHED,,,https://irdat.regione.fvg.it/consultatore-dati-ambientali-territoriali/detail/irdat/dataset/12182,2026-09-19,12182,https://irdat.regione.fvg.it/consultatore-dati-ambientali-territoriali/detail/irdat/dataset/12182,Comune di Precenicco,,,IRDAT/Comune,,,12182,IRDAT_RECORD_DETAIL_INCOMPLETE,CURRENT_SOURCE_FOUND_LINEAGE_INCOMPLETE,Piano Regolatore Generale del Comune di Precenicco - Variante 20. Variante 17 adottatta con delibera n. 19 del 25.05.2017 - approvata con delibera n. 40 del 18.12.2017; Variante 18 adottatta con delibera n. 28 del 29.09.2017 - approvata con delibera n. 41 del 8.12.2017 (modifica puntuale per area nuova biblioteca); Variante 19 adottatta con delibera n. 10 del 28.02.2019 - approvata con delibera n. 21 del 20.06.2019 (modifica di norma); Variante 20 adottatta con delibera n. 21 del 06.07.2022.,,PUBLIC_CONFIG_DETECTED,D:20180104 H:,NOT_ACQUIRED_CURRENTNESS_UNVERIFIED,,,,,,,Verificare assenza di varianti efficaci successive e allineamento puntuale del vettore.,,,,
030083,Premariacco,UD,PRGC Premariacco,Variant 18,APPROVED_PUBLISHED,,,https://irdat.regione.fvg.it/consultatore-dati-ambientali-territoriali/detail/irdat/dataset/12183,2026-09-19,12183,https://irdat.regione.fvg.it/consultatore-dati-ambientali-territoriali/detail/irdat/dataset/12183,Comune di Premariacco,,,IRDAT/Comune,,,12183,IRDAT_RECORD_DETAIL_INCOMPLETE,CURRENT_SOURCE_FOUND_LINEAGE_INCOMPLETE,Piano Regolatore Generale del Comune di Premariacco. Variante n.18 approvata con Delibera di Consiglio Comunale n. 25 del 28/05/2021.,,PUBLIC_CONFIG_DETECTED,D:20160317 H:20160317,NOT_ACQUIRED_CURRENTNESS_UNVERIFIED,,,,,,,Verificare assenza di varianti efficaci successive e allineamento puntuale del vettore.,,,,
030084,Preone,UD,PRGC Preone,,CURRENT_PRGC_ADOPTED_AND_APPROVED_CONFIRMED,,,https://www.comune.preone.ud.it/media/files/030084/attachment/DupsPreone2026_2028.pdf,2026-09-19,,,,,,Comune - riferimento PRGC,PDF,,,LINEAGE_NOT_FULLY_VERIFIED,CURRENT_SOURCE_FOUND_LINEAGE_INCOMPLETE,DUPS 2026-2028 dichiara tra gli strumenti urbanistici vigenti un PRGC adottato e approvato.,https://www.comune.preone.ud.it/media/files/030084/attachment/DupsPreone2026_2028.pdf,STANDARD_CONFIG_NOT_DETECTED_NOT_A_NEGATIVE_PROOF,D: H:,NOT_ACQUIRED_LINEAGE_INCOMPLETE,,,,,,,La fonte corrente conferma l'esistenza del PRGC vigente ma non identifica la versione/ultima variante efficace; nessun vettore corrente verificato.,,https://www.comune.preone.ud.it/media/files/030084/attachment/DupsPreone2026_2028.pdf,MATERIALIZED,BBF8BE059CE581BFF8BD66635D84DB6BA0176CEE6F413B0A9927431DA1711DB4
030085,Prepotto,UD,PRGC Prepotto,Variant 10,APPROVED_PUBLISHED,,,https://irdat.regione.fvg.it/consultatore-dati-ambientali-territoriali/detail/irdat/dataset/12184,2026-09-19,12184,https://irdat.regione.fvg.it/consultatore-dati-ambientali-territoriali/detail/irdat/dataset/12184,Comune di Prepotto,,,IRDAT/Comune,,,12184,IRDAT_RECORD_DETAIL_INCOMPLETE,CURRENT_SOURCE_FOUND_LINEAGE_INCOMPLETE,Piano Regolatore Generale del Comune di Prepotto - Variante 10. Approvazione del C.C. n. 44 del 30/11/2020.,,PUBLIC_CONFIG_DETECTED,D:20080214 H:,NOT_ACQUIRED_CURRENTNESS_UNVERIFIED,,,,,,,Verificare assenza di varianti efficaci successive e allineamento puntuale del vettore.,,,,
030086,Pulfero,UD,PRGC Pulfero,,,,,https://irdat.regione.fvg.it/consultatore-dati-ambientali-territoriali/detail/irdat/dataset/12185,2026-09-19,12185,https://irdat.regione.fvg.it/consultatore-dati-ambientali-territoriali/detail/irdat/dataset/12185,Comune di Pulfero,,,IRDAT/Comune,,,12185,IRDAT_RECORD_DETAIL_INCOMPLETE,CURRENT_SOURCE_FOUND_LINEAGE_INCOMPLETE,piano regolatore del Comune di Pulfero,,PUBLIC_CONFIG_DETECTED,D:20170316 H:20170316,NOT_ACQUIRED_CURRENTNESS_UNVERIFIED,,,,,,,Verificare assenza di varianti efficaci successive e allineamento puntuale del vettore.,,,,
030087,Ragogna,UD,PRGC Ragogna,Variant 19,APPROVED_PUBLISHED,,,https://irdat.regione.fvg.it/consultatore-dati-ambientali-territoriali/detail/irdat/dataset/12186,2026-09-19,12186,https://irdat.regione.fvg.it/consultatore-dati-ambientali-territoriali/detail/irdat/dataset/12186,Comune di Ragogna,,,IRDAT/Comune,,,12186,IRDAT_RECORD_DETAIL_INCOMPLETE,CURRENT_SOURCE_FOUND_LINEAGE_INCOMPLETE,Piano Regolatore Generale del Comune di Ragogna - Variante 19. Approvata con Delibera n. 36 del 21.07.2023 e resa esecutiva dal 02.08.2023.,,PUBLIC_CONFIG_DETECTED,D:20160818 H:,NOT_ACQUIRED_CURRENTNESS_UNVERIFIED,,,,,,,Verificare assenza di varianti efficaci successive e allineamento puntuale del vettore.,,,,
030088,Ravascletto,UD,PRGC Ravascletto,,APPROVED_PUBLISHED,,,https://irdat.regione.fvg.it/consultatore-dati-ambientali-territoriali/detail/irdat/dataset/12322,2026-09-19,12322,https://irdat.regione.fvg.it/consultatore-dati-ambientali-territoriali/detail/irdat/dataset/12322,Comune di Ravascleto,,,IRDAT/Comune,,,12322,IRDAT_RECORD_DETAIL_INCOMPLETE,CURRENT_SOURCE_FOUND_LINEAGE_INCOMPLETE,"Estrazione comunale parziale derivata dalla Unione delle zone omogenee di tutti i piani regolatori della Carnia - L'assemblaggio viene aggiornato in modo dinamico seguendo le indicazioni degli Uffici Tecnici comunali. La Certificazione Urbanistica deve essere richiesta agli Uffici Tecnici Comunali. Il disallineamento dei confini dei comuni e dello zooning deriva dalle operazioni di raddrizzamento effettuate sugli strati originari per i Piani regolatori che sono stati in passato costruiti su basi catastali deformate. Le Zonizzazioni dei Piani Regolatori Generali Comunali sono pubblicate per la sola consultazione. L’identificazione geografica del mappale non ha significato di consultazione catastale ma ha il solo scopo di rappresentare la porzione di terreno nel contesto della pianificazione urbanistica del Comune. Il dato non ha carattere di ufficialità. La pubblicazione è concordata con gli Uffici Tecnici Comunali ed il grado di allineamento ai confini e di aggiornamento migliorerà progressivamente attraverso l’interazione tra Sistema Informativo Montano e Uffici Tecnici dei comuni. Per i comuni di Villa Santina, Enemonzo, Raveo e Lauco occorre tenere conto della Zonizzazione del Parco Intercomunale delle Colline Carniche (L.R. 42/1996). Per ogni qualsiasi altro dubbio sull'utilizzo del dato e sul grado di ufficialità si rimanda alla consultazione della scheda dei metadati, o si consiglia di fare riferimento al Punto di contatto.",,PUBLIC_CONFIG_DETECTED,D:20050721 H:,NOT_ACQUIRED_CURRENTNESS_UNVERIFIED,,,,,,,Verificare assenza di varianti efficaci successive e allineamento puntuale del vettore.,,,,
030089,Raveo,UD,PRGC Raveo,,APPROVED_PUBLISHED,,,https://irdat.regione.fvg.it/consultatore-dati-ambientali-territoriali/detail/irdat/dataset/12187,2026-09-19,12187,https://irdat.regione.fvg.it/consultatore-dati-ambientali-territoriali/detail/irdat/dataset/12187,Comune di Raveo,,,IRDAT/Comune,,,12187,IRDAT_RECORD_DETAIL_INCOMPLETE,CURRENT_SOURCE_FOUND_LINEAGE_INCOMPLETE,"Estrazione comunale parziale derivata dalla Unione delle zone omogenee di tutti i piani regolatori della Carnia - L'assemblaggio viene aggiornato in modo dinamico seguendo le indicazioni degli Uffici Tecnici comunali. La Certificazione Urbanistica deve essere richiesta agli Uffici Tecnici Comunali. Il disallineamento dei confini dei comuni e dello zooning deriva dalle operazioni di raddrizzamento effettuate sugli strati originari per i Piani regolatori che sono stati in passato costruiti su basi catastali deformate. Le Zonizzazioni dei Piani Regolatori Generali Comunali sono pubblicate per la sola consultazione. L’identificazione geografica del mappale non ha significato di consultazione catastale ma ha il solo scopo di rappresentare la porzione di terreno nel contesto della pianificazione urbanistica del Comune. Il dato non ha carattere di ufficialità. La pubblicazione è concordata con gli Uffici Tecnici Comunali ed il grado di allineamento ai confini e di aggiornamento migliorerà progressivamente attraverso l’interazione tra Sistema Informativo Montano e Uffici Tecnici dei comuni. Per i comuni di Villa Santina, Enemonzo, Raveo e Lauco occorre tenere conto della Zonizzazione del Parco Intercomunale delle Colline Carniche (L.R. 42/1996). Per ogni qualsiasi altro dubbio sull'utilizzo del dato e sul grado di ufficialità si rimanda alla consultazione della scheda dei metadati, o si consiglia di fare riferimento al Punto di contatto.",,PUBLIC_CONFIG_DETECTED,D:20070901 H:,NOT_ACQUIRED_CURRENTNESS_UNVERIFIED,,,,,,,Verificare assenza di varianti efficaci successive e allineamento puntuale del vettore.,,,,
030090,Reana del Rojale,UD,PRGC Reana del Rojale,Variant 48,,,,https://irdat.regione.fvg.it/consultatore-dati-ambientali-territoriali/detail/irdat/dataset/12323,2026-09-19,12323,https://irdat.regione.fvg.it/consultatore-dati-ambientali-territoriali/detail/irdat/dataset/12323,Comune di Reana del Rojale,,,IRDAT/Comune,,,12323,IRDAT_RECORD_DETAIL_INCOMPLETE,CURRENT_SOURCE_FOUND_LINEAGE_INCOMPLETE,Piano Regolatore Generale Comunale aggiornato alla Variante n. 48. Adozione - Consiglio Comunale n. 41 del 28/07/2025.,,PUBLIC_CONFIG_DETECTED,D:20161103 H:20161103,NOT_ACQUIRED_CURRENTNESS_UNVERIFIED,,,,,,,Verificare assenza di varianti efficaci successive e allineamento puntuale del vettore.,,,,
030091,Remanzacco,UD,PRGC Remanzacco,Variant 34,APPROVED_PUBLISHED,,,https://irdat.regione.fvg.it/consultatore-dati-ambientali-territoriali/detail/irdat/dataset/12188,2026-09-19,12188,https://irdat.regione.fvg.it/consultatore-dati-ambientali-territoriali/detail/irdat/dataset/12188,Comune di Remanzacco,,,IRDAT/Comune,,,12188,IRDAT_RECORD_DETAIL_INCOMPLETE,CURRENT_SOURCE_FOUND_LINEAGE_INCOMPLETE,"Piano Regolatore Generale del Comune di Remanzacco Variante n. 34 al P.R.G.C. approvata con deliberazione del Consiglio Comunale n. 25 del 30.06.2017, pubblicazione sul B.U.R. n. 31 del 02.08.2017.",,PUBLIC_CONFIG_DETECTED,D:20170720 H:20170720,NOT_ACQUIRED_CURRENTNESS_UNVERIFIED,,,,,,,Verificare assenza di varianti efficaci successive e allineamento puntuale del vettore.,,,,
030092,Resia,UD,PRGC Resia,Variant 17,,,,https://irdat.regione.fvg.it/consultatore-dati-ambientali-territoriali/detail/irdat/dataset/12189,2026-09-19,12189,https://irdat.regione.fvg.it/consultatore-dati-ambientali-territoriali/detail/irdat/dataset/12189,Comune di Resia,,,IRDAT/Comune,,,12189,IRDAT_RECORD_DETAIL_INCOMPLETE,CURRENT_SOURCE_FOUND_LINEAGE_INCOMPLETE,Nuovo Piano Regolatore Generale del Comune di Resia. Piano Regolatore Generale Comunale aggiornato alla Variante n.17. Adottata con delibera di Consiglio Comunale n° 26 in data 30.06.2021.,,PUBLIC_CONFIG_DETECTED,D:20170824 H:20170824,NOT_ACQUIRED_CURRENTNESS_UNVERIFIED,,,,,,,Verificare assenza di varianti efficaci successive e allineamento puntuale del vettore.,,,,
030093,Resiutta,UD,PRGC Resiutta,Variant 18,APPROVED_PUBLISHED,,,https://irdat.regione.fvg.it/consultatore-dati-ambientali-territoriali/detail/irdat/dataset/12190,2026-09-19,12190,https://irdat.regione.fvg.it/consultatore-dati-ambientali-territoriali/detail/irdat/dataset/12190,Comune di Resiutta,,,IRDAT/Comune,,,12190,IRDAT_RECORD_DETAIL_INCOMPLETE,CURRENT_SOURCE_FOUND_LINEAGE_INCOMPLETE,Piano Regolatore Generale del Comune di Resiutta. Versione aggiornata alla Variante 18 approvata con Deliberazione di C.C. n. 12 del 08.03.2024 e Variante 19 approvata in sede di Conferenza di Servizi del 17.06.2024.,,PUBLIC_CONFIG_DETECTED,D:20160114 H:20160114,NOT_ACQUIRED_CURRENTNESS_UNVERIFIED,,,,,,,Verificare assenza di varianti efficaci successive e allineamento puntuale del vettore.,,,,
030094,Rigolato,UD,PRGC Rigolato,,APPROVED_PUBLISHED,,,https://irdat.regione.fvg.it/consultatore-dati-ambientali-territoriali/detail/irdat/dataset/12191,2026-09-19,12191,https://irdat.regione.fvg.it/consultatore-dati-ambientali-territoriali/detail/irdat/dataset/12191,Comune di Rigolato,,,IRDAT/Comune,,,12191,IRDAT_RECORD_DETAIL_INCOMPLETE,CURRENT_SOURCE_FOUND_LINEAGE_INCOMPLETE,"Estrazione comunale parziale derivata dalla Unione delle zone omogenee di tutti i piani regolatori della Carnia - L'assemblaggio viene aggiornato in modo dinamico seguendo le indicazioni degli Uffici Tecnici comunali. La Certificazione Urbanistica deve essere richiesta agli Uffici Tecnici Comunali. Il disallineamento dei confini dei comuni e dello zooning deriva dalle operazioni di raddrizzamento effettuate sugli strati originari per i Piani regolatori che sono stati in passato costruiti su basi catastali deformate. Le Zonizzazioni dei Piani Regolatori Generali Comunali sono pubblicate per la sola consultazione. L’identificazione geografica del mappale non ha significato di consultazione catastale ma ha il solo scopo di rappresentare la porzione di terreno nel contesto della pianificazione urbanistica del Comune. Il dato non ha carattere di ufficialità. La pubblicazione è concordata con gli Uffici Tecnici Comunali ed il grado di allineamento ai confini e di aggiornamento migliorerà progressivamente attraverso l’interazione tra Sistema Informativo Montano e Uffici Tecnici dei comuni. Per i comuni di Villa Santina, Enemonzo, Raveo e Lauco occorre tenere conto della Zonizzazione del Parco Intercomunale delle Colline Carniche (L.R. 42/1996). Per ogni qualsiasi altro dubbio sull'utilizzo del dato e sul grado di ufficialità si rimanda alla consultazione della scheda dei metadati, o si consiglia di fare riferimento al Punto di contatto.",,PUBLIC_CONFIG_DETECTED,D:20160407 H:20160407,NOT_ACQUIRED_CURRENTNESS_UNVERIFIED,,,,,,,Verificare assenza di varianti efficaci successive e allineamento puntuale del vettore.,,,,
030095,Rive d'Arcano,UD,PRGC Rive d'Arcano,Variante generale PPR 2026,ADOPTION_AGENDA_FOUND,Consiglio comunale 28/07/2026 - punto adozione variante generale,,https://www.comune.rivedarcano.ud.it/novita/avviso-di-convocazione-del-consiglio-comunale-6/,2026-09-19,,,,,,Comune - procedimento variante generale,WEB/PDF,,,LINEAGE_NOT_FULLY_VERIFIED,CURRENT_SOURCE_FOUND_LINEAGE_INCOMPLETE,Avviso ufficiale del luglio 2026 documenta all'ordine del giorno l'adozione di una variante generale al PRGC per conformazione PPR.,https://www.comune.rivedarcano.ud.it/novita/avviso-di-convocazione-del-consiglio-comunale-6/,STANDARD_CONFIG_NOT_DETECTED_NOT_A_NEGATIVE_PROOF,D:20170406 H:,NOT_ACQUIRED_LINEAGE_INCOMPLETE,,,,,,,Non identificato nella fonte l'esito finale/numero ed efficacia della variante; base vigente e vettore corrente restano da chiudere.,,https://www.comune.rivedarcano.ud.it/novita/avviso-di-convocazione-del-consiglio-comunale-6/,NOT_MATERIALIZED,
030097,Ronchis,UD,,,,,,https://www.comune.ronchis.ud.it/,2026-09-19,,,,,,,,,,CURRENT_SOURCE_FOUND_GEOMETRY_TO_VERIFY,CURRENT_SOURCE_FOUND_LINEAGE_INCOMPLETE,Home comunale corrente con contenuto 'Variante n. 43 al vigente PRGC'; atti ed efficacia da ricostruire.,,STANDARD_CONFIG_NOT_DETECTED_NOT_A_NEGATIVE_PROOF,D:20141225 H:20141225,NOT_ACQUIRED_CURRENTNESS_UNVERIFIED,,,,,,,Fonte istituzionale corrente individuata; ricostruire latest effective variant e geometria/lineage prima di qualunque uso in Fase 4.,,https://www.comune.ronchis.ud.it/,HTTP_OK_KEYWORD_NOT_FOUND,b6cd3030d737fa340fdcdf0d6034c8c4ada0e35bd3663bbbd9797d8641f9bad6
030098,Ruda,UD,PRGC Ruda,,APPROVED_PUBLISHED,,,https://irdat.regione.fvg.it/consultatore-dati-ambientali-territoriali/detail/irdat/dataset/12193,2026-09-19,12193,https://irdat.regione.fvg.it/consultatore-dati-ambientali-territoriali/detail/irdat/dataset/12193,Comune di Ruda,,,IRDAT/Comune,,,12193,IRDAT_RECORD_DETAIL_INCOMPLETE,CURRENT_SOURCE_FOUND_LINEAGE_INCOMPLETE,"""Piano Regolatore Generale del Comune di Ruda. Adottato con Deliberazione Consiliare n.37 del 05.08.2005 Approvato con Deliberazione Consiliare n.34 del 01.08.2006 Coordinata con le modifiche delle Varianti puntuali: - VAR. N.09 approvata con delibera di C.C. n.26 del 24.06.2008; - VAR. N.11 approvata con delibera di C.C. n.52 del 29.11.2007; - VAR. N.13 approvata con delibera di C.C. n.7 del 19.02.2008; - VAR. N.14 approvata con delibera di C.C. n.5 del 17.02.2009; - VAR. N.15 approvata con delibera di C.C. n.31 del 01.10.2009; - VAR. N.16 approvata con delibera di C.C. n.46 del 28.12.2009; - VAR. N.17 approvata con delibera di C.C. n.6 del 20.02.2010; - VAR. N.18 approvata con delibera di C.C. n.47 del 30.11.2011; - VAR. N.19 approvata con delibera di C.C. n.19 del 30.04.2010; - VAR. N.20 approvata con delibera di C.C. n. 42 del 30.09.2010; - VAR. N.21 approvata con delibera di C.C. n. 43 del 30.09.2010; - VAR. N.22 approvata con delibera di C.C. n. 23 del 01.06.2017; - VAR. N.23 approvata con delibera di C.C. n. 6 del 18.04.2012. - VAR. N.24 approvata con delibera di C.C. n. 34 del 27.11.2014. - VAR. N.25 approvata con Autorizzazione Unica n. 18 del 28.05.2014. - VAR. N.26. - VAR. N.27 approvata con delibera di C.C. n. 24 del 01.06.2017. - VAR. N.28 approvata con delibera di C.C. n. 22 del 25.07.2019. - VAR. N.29. - VAR. N.30 approvata con delibera di C.C. n. 15 del 30.05.2020. - VAR. N.31 approvata con delibera di C.C. n. 54 del 29.11.2021. - VAR. N.32 approvata con delibera di C.C. n. 55 del 29.11.2021.""",,PUBLIC_CONFIG_DETECTED,D:20170817 H:,NOT_ACQUIRED_CURRENTNESS_UNVERIFIED,,,,,,,Verificare assenza di varianti efficaci successive e allineamento puntuale del vettore.,,,,
030099,San Daniele del Friuli,UD,PRGC San Daniele del Friuli,104,OFFICIAL_VARIANTS_INDEX_FOUND,,,https://www.comune.sandanieledelfriuli.ud.it/,2026-09-19,,,,,,Comune - documenti varianti,PDF/WEB,,,LINEAGE_NOT_FULLY_VERIFIED,CURRENT_SOURCE_FOUND_LINEAGE_INCOMPLETE,"Il sito comunale corrente espone varianti PRGC 102, 103 e 104 e un procedimento di assestamento.",https://www.comune.sandanieledelfriuli.ud.it/,STANDARD_CONFIG_NOT_DETECTED_NOT_A_NEGATIVE_PROOF,D:20170831 H:20170831,NOT_ACQUIRED_LINEAGE_INCOMPLETE,,,,,,,Non ricostruita in modo completo la data di efficacia dell'ultima variante né un vettore corrente allineato.,,https://www.comune.sandanieledelfriuli.ud.it/,MATERIALIZED,B6CD3030D737FA340FDCDF0D6034C8C4ADA0E35BD3663BBBD9797D8641F9BAD6
030100,San Giorgio di Nogaro,UD,PRGC San Giorgio di Nogaro,58,OFFICIAL_VARIANTS_INDEX_FOUND,,,https://www.comune.sangiorgiodinogaro.ud.it/mappa-del-sito,2026-09-19,,,,,,Comune - documenti varianti POC/PRGC,PDF/WEB,,,LINEAGE_NOT_FULLY_VERIFIED,CURRENT_SOURCE_FOUND_LINEAGE_INCOMPLETE,Indice ufficiale corrente elenca varianti allo strumento urbanistico fino alla n.58; pagine dedicate documentano singole varianti.,https://www.comune.sangiorgiodinogaro.ud.it/mappa-del-sito,STANDARD_CONFIG_NOT_DETECTED_NOT_A_NEGATIVE_PROOF,D:20170803 H:20170803,NOT_ACQUIRED_LINEAGE_INCOMPLETE,,,,,,,Per la variante più recente non è stata chiusa la sequenza adozione-approvazione-efficacia; nessun vettore corrente verificato.,,https://www.comune.sangiorgiodinogaro.ud.it/mappa-del-sito,MATERIALIZED,F8658C57F784852F775A6B8917100919FA10A094F2928BB0E9E80F45A56002C7
030101,San Giovanni al Natisone,UD,PRGC San Giovanni al Natisone,,APPROVED_PUBLISHED,,,https://irdat.regione.fvg.it/consultatore-dati-ambientali-territoriali/detail/irdat/dataset/12198,2026-09-19,12198,https://irdat.regione.fvg.it/consultatore-dati-ambientali-territoriali/detail/irdat/dataset/12198,Comune di San Giovanni al Natisone,,,IRDAT/Comune,,,12198,IRDAT_RECORD_DETAIL_INCOMPLETE,CURRENT_SOURCE_FOUND_LINEAGE_INCOMPLETE,Piano Regolatore Generale del Comune di San Giovanni al Natisone. La Variante di conformazione al Piano Paesaggistico Regionale (PPR) n. 44 al P.R.G.C. è stata approvata con Deliberazione di Consiglio Comunale n. 78 del 28/12/2023 ed è entrata in vigore in data 14/11/2024 a seguito della pubblicazione della deliberazione della Giunta Regionale 25/10/2024 n. 1561 di conferma dell'esecutività della suddetta deliberazione consiliare sul Bollettino Ufficiale della Regione n. 46 di data 13/11/2024.,,STANDARD_CONFIG_NOT_DETECTED_NOT_A_NEGATIVE_PROOF,D:20150924 H:20150924,NOT_ACQUIRED_CURRENTNESS_UNVERIFIED,,,,,,,Verificare assenza di varianti efficaci successive e allineamento puntuale del vettore.,,,,
030102,San Leonardo,UD,PRGC San Leonardo,Variant 17,,,,https://irdat.regione.fvg.it/consultatore-dati-ambientali-territoriali/detail/irdat/dataset/12199,2026-09-19,12199,https://irdat.regione.fvg.it/consultatore-dati-ambientali-territoriali/detail/irdat/dataset/12199,Comune di San Leonardo,,,IRDAT/Comune,,,12199,IRDAT_RECORD_DETAIL_INCOMPLETE,CURRENT_SOURCE_FOUND_LINEAGE_INCOMPLETE,Piano Regolatore Generale del Comune di San Leonardo. Piano Regolatore Generale Comunale aggiornato alla Variante n.17.,,PUBLIC_CONFIG_DETECTED,D:20110428 H:,NOT_ACQUIRED_CURRENTNESS_UNVERIFIED,,,,,,,Verificare assenza di varianti efficaci successive e allineamento puntuale del vettore.,,,,
030103,San Pietro al Natisone,UD,PRGC San Pietro al Natisone,,APPROVED_PUBLISHED,,,https://irdat.regione.fvg.it/consultatore-dati-ambientali-territoriali/detail/irdat/dataset/12330,2026-09-19,12330,https://irdat.regione.fvg.it/consultatore-dati-ambientali-territoriali/detail/irdat/dataset/12330,Comune di San Pietro al Natisone,,,IRDAT/Comune,,,12330,IRDAT_RECORD_DETAIL_INCOMPLETE,CURRENT_SOURCE_FOUND_LINEAGE_INCOMPLETE,"piano regolatore del Comune di San Pietro al Natisone, variante al P.R.G.C. n. 22. Adottata con D.C.C. n. 18 del 21.07.2022. Approvata con D.C.C. n. 26 del 27.09.2022. Si avvisa che a causa di eventuali modifiche effettuate sulle geometrie della base cartografica catastale da parte dell'Agenzia delle Entrate, Ente proprietario e gestore della banca dati, si potrebbero presentare nel tempo delle discrepanze grafiche non dipendenti dalla nostra volonta'.",,PUBLIC_CONFIG_DETECTED,D:20171221 H:20171221,NOT_ACQUIRED_CURRENTNESS_UNVERIFIED,,,,,,,Verificare assenza di varianti efficaci successive e allineamento puntuale del vettore.,,,,
030104,Santa Maria la Longa,UD,PRGC Santa Maria la Longa,26,OFFICIAL_PRGC_DOCUMENTS_FOUND,,,https://www.comune.santamarialalonga.ud.it/it/amministrazione-244352/aree-amministrative-244353/servizio-tecnico-244266/edilizia-privata-244279,2026-09-19,,,,,,Comune - documenti tecnici PRGC,PDF,,,LINEAGE_NOT_FULLY_VERIFIED,CURRENT_SOURCE_FOUND_LINEAGE_INCOMPLETE,Pagina comunale dell'ufficio collega documenti PRGC Variante 26 e Variante 24.,https://www.comune.santamarialalonga.ud.it/it/amministrazione-244352/aree-amministrative-244353/servizio-tecnico-244266/edilizia-privata-244279,STANDARD_CONFIG_NOT_DETECTED_NOT_A_NEGATIVE_PROOF,D:20151224 H:20151224,NOT_ACQUIRED_LINEAGE_INCOMPLETE,,,,,,,Non chiusa l'ultima variante efficace e non verificato un vettore corrente allineato.,,https://www.comune.santamarialalonga.ud.it/it/amministrazione-244352/aree-amministrative-244353/servizio-tecnico-244266/edilizia-privata-244279,MATERIALIZED,3648A06688E46C98B3991FE698262B1D6115B0E1DDAB553A10545EF87D9439E7
030105,San Vito al Torre,UD,,,,,,https://www.comune.sanvitoaltorre.ud.it/media/files/md/030105/CC_15_DEL_22.04.2025.pdf,2026-09-19,,,,,,,,,,CURRENT_SOURCE_FOUND_GEOMETRY_TO_VERIFY,CURRENT_SOURCE_FOUND_LINEAGE_INCOMPLETE,Delibera comunale 15/22-04-2025 richiama espressamente lo strumento urbanistico vigente e avvia/modifica variante; lineage corrente da completare.,,STANDARD_CONFIG_NOT_DETECTED_NOT_A_NEGATIVE_PROOF,D:20130926 H:,NOT_ACQUIRED_CURRENTNESS_UNVERIFIED,,,,,,,Fonte istituzionale corrente individuata; ricostruire latest effective variant e geometria/lineage prima di qualunque uso in Fase 4.,,https://www.comune.sanvitoaltorre.ud.it/media/files/md/030105/CC_15_DEL_22.04.2025.pdf,HTTP_OK_PDF_CURATED,bb118d541979d6efee0df7f1af744373b36be7d6ef09dff821a0cbd261132fad
030106,San Vito di Fagagna,UD,PRGC San Vito di Fagagna,Variant 11,,,,https://irdat.regione.fvg.it/consultatore-dati-ambientali-territoriali/detail/irdat/dataset/12248,2026-09-19,12248,https://irdat.regione.fvg.it/consultatore-dati-ambientali-territoriali/detail/irdat/dataset/12248,Comune di San Vito di Fagagna,,,IRDAT/Comune,,,12248,IRDAT_RECORD_DETAIL_INCOMPLETE,CURRENT_SOURCE_FOUND_LINEAGE_INCOMPLETE,Piano Regolatore Generale del Comune di San Vito di Fagagna. Piano Regolatore Generale Comunale aggiornato alla Variante n.11.,,PUBLIC_CONFIG_DETECTED,D:20100812 H:20100812,NOT_ACQUIRED_CURRENTNESS_UNVERIFIED,,,,,,,Verificare assenza di varianti efficaci successive e allineamento puntuale del vettore.,,,,
030107,Sauris,UD,PRGC Sauris,,APPROVED_PUBLISHED,,,https://irdat.regione.fvg.it/consultatore-dati-ambientali-territoriali/detail/irdat/dataset/12205,2026-09-19,12205,https://irdat.regione.fvg.it/consultatore-dati-ambientali-territoriali/detail/irdat/dataset/12205,Comune di Sauris,,,IRDAT/Comune,,,12205,IRDAT_RECORD_DETAIL_INCOMPLETE,CURRENT_SOURCE_FOUND_LINEAGE_INCOMPLETE,"Estrazione comunale parziale derivata dalla Unione delle zone omogenee di tutti i piani regolatori della Carnia - L'assemblaggio viene aggiornato in modo dinamico seguendo le indicazioni degli Uffici Tecnici comunali. La Certificazione Urbanistica deve essere richiesta agli Uffici Tecnici Comunali. Il disallineamento dei confini dei comuni e dello zooning deriva dalle operazioni di raddrizzamento effettuate sugli strati originari per i Piani regolatori che sono stati in passato costruiti su basi catastali deformate. Le Zonizzazioni dei Piani Regolatori Generali Comunali sono pubblicate per la sola consultazione. L’identificazione geografica del mappale non ha significato di consultazione catastale ma ha il solo scopo di rappresentare la porzione di terreno nel contesto della pianificazione urbanistica del Comune. Il dato non ha carattere di ufficialità. La pubblicazione è concordata con gli Uffici Tecnici Comunali ed il grado di allineamento ai confini e di aggiornamento migliorerà progressivamente attraverso l’interazione tra Sistema Informativo Montano e Uffici Tecnici dei comuni. Per i comuni di Villa Santina, Enemonzo, Raveo e Lauco occorre tenere conto della Zonizzazione del Parco Intercomunale delle Colline Carniche (L.R. 42/1996). Per ogni qualsiasi altro dubbio sull'utilizzo del dato e sul grado di ufficialità si rimanda alla consultazione della scheda dei metadati, o si consiglia di fare riferimento al Punto di contatto.",,PUBLIC_CONFIG_DETECTED,D:20170406 H:,NOT_ACQUIRED_CURRENTNESS_UNVERIFIED,,,,,,,Verificare assenza di varianti efficaci successive e allineamento puntuale del vettore.,,,,
030108,Savogna,UD,PRGC Savogna,Variant 9,APPROVED_PUBLISHED,,,https://irdat.regione.fvg.it/consultatore-dati-ambientali-territoriali/detail/irdat/dataset/12206,2026-09-19,12206,https://irdat.regione.fvg.it/consultatore-dati-ambientali-territoriali/detail/irdat/dataset/12206,Comune di Savogna,,,IRDAT/Comune,,,12206,IRDAT_RECORD_DETAIL_INCOMPLETE,CURRENT_SOURCE_FOUND_LINEAGE_INCOMPLETE,"Piano Regolatore Generale del Comune di Savogna. Piano Regolatore Generale Comunale aggiornato alla Variante n. 9, approvato con delibera de C.C. n. 16 del 19.12.2019 - B.U.R. n. 7 del 12.02.2020.",,PUBLIC_CONFIG_DETECTED,D: H:,NOT_ACQUIRED_CURRENTNESS_UNVERIFIED,,,,,,,Verificare assenza di varianti efficaci successive e allineamento puntuale del vettore.,,,,
030109,Sedegliano,UD,PRGC Sedegliano,,,,,https://irdat.regione.fvg.it/consultatore-dati-ambientali-territoriali/detail/irdat/dataset/12208,2026-09-19,12208,https://irdat.regione.fvg.it/consultatore-dati-ambientali-territoriali/detail/irdat/dataset/12208,Comune di Sedegliano,,,IRDAT/Comune,,,12208,IRDAT_RECORD_DETAIL_INCOMPLETE,CURRENT_SOURCE_FOUND_LINEAGE_INCOMPLETE,I dati visualizzati nelle mappe sono stati costruiti in collaborazione tra Ufficio Tecnico Comunale e l'Associazione Intercomunale del Medio Friuli e da questi ultimi gestiti.,,PUBLIC_CONFIG_DETECTED,D:20160414 H:20160414,NOT_ACQUIRED_CURRENTNESS_UNVERIFIED,,,,,,,Verificare assenza di varianti efficaci successive e allineamento puntuale del vettore.,,,,
030110,Socchieve,UD,PRGC Socchieve,,APPROVED_PUBLISHED,,,https://irdat.regione.fvg.it/consultatore-dati-ambientali-territoriali/detail/irdat/dataset/12212,2026-09-19,12212,https://irdat.regione.fvg.it/consultatore-dati-ambientali-territoriali/detail/irdat/dataset/12212,Comune di Socchieve,,,IRDAT/Comune,,,12212,IRDAT_RECORD_DETAIL_INCOMPLETE,CURRENT_SOURCE_FOUND_LINEAGE_INCOMPLETE,"Estrazione comunale parziale derivata dalla Unione delle zone omogenee di tutti i piani regolatori della Carnia - L'assemblaggio viene aggiornato in modo dinamico seguendo le indicazioni degli Uffici Tecnici comunali. La Certificazione Urbanistica deve essere richiesta agli Uffici Tecnici Comunali. Il disallineamento dei confini dei comuni e dello zooning deriva dalle operazioni di raddrizzamento effettuate sugli strati originari per i Piani regolatori che sono stati in passato costruiti su basi catastali deformate. Le Zonizzazioni dei Piani Regolatori Generali Comunali sono pubblicate per la sola consultazione. L’identificazione geografica del mappale non ha significato di consultazione catastale ma ha il solo scopo di rappresentare la porzione di terreno nel contesto della pianificazione urbanistica del Comune. Il dato non ha carattere di ufficialità. La pubblicazione è concordata con gli Uffici Tecnici Comunali ed il grado di allineamento ai confini e di aggiornamento migliorerà progressivamente attraverso l’interazione tra Sistema Informativo Montano e Uffici Tecnici dei comuni. Per i comuni di Villa Santina, Enemonzo, Raveo e Lauco occorre tenere conto della Zonizzazione del Parco Intercomunale delle Colline Carniche (L.R. 42/1996). Per ogni qualsiasi altro dubbio sull'utilizzo del dato e sul grado di ufficialità si rimanda alla consultazione della scheda dei metadati, o si consiglia di fare riferimento al Punto di contatto.",,PUBLIC_CONFIG_DETECTED,D:20160317 H:,NOT_ACQUIRED_CURRENTNESS_UNVERIFIED,,,,,,,Verificare assenza di varianti efficaci successive e allineamento puntuale del vettore.,,,,
030111,Stregna,UD,PRGC Stregna,,,,,https://irdat.regione.fvg.it/consultatore-dati-ambientali-territoriali/detail/irdat/dataset/12214,2026-09-19,12214,https://irdat.regione.fvg.it/consultatore-dati-ambientali-territoriali/detail/irdat/dataset/12214,Comune di Stregna,,,IRDAT/Comune,,,12214,IRDAT_RECORD_DETAIL_INCOMPLETE,CURRENT_SOURCE_FOUND_LINEAGE_INCOMPLETE,piano regolatore del Comune di Stregna,,PUBLIC_CONFIG_DETECTED,D: H:,NOT_ACQUIRED_CURRENTNESS_UNVERIFIED,,,,,,,Verificare assenza di varianti efficaci successive e allineamento puntuale del vettore.,,,,
030112,Sutrio,UD,PRGC Sutrio,,APPROVED_PUBLISHED,,,https://irdat.regione.fvg.it/consultatore-dati-ambientali-territoriali/detail/irdat/dataset/12333,2026-09-19,12333,https://irdat.regione.fvg.it/consultatore-dati-ambientali-territoriali/detail/irdat/dataset/12333,Comune di Sutrio,,,IRDAT/Comune,,,12333,IRDAT_RECORD_DETAIL_INCOMPLETE,CURRENT_SOURCE_FOUND_LINEAGE_INCOMPLETE,"Estrazione comunale parziale derivata dalla Unione delle zone omogenee di tutti i piani regolatori della Carnia - L'assemblaggio viene aggiornato in modo dinamico seguendo le indicazioni degli Uffici Tecnici comunali. La Certificazione Urbanistica deve essere richiesta agli Uffici Tecnici Comunali. Il disallineamento dei confini dei comuni e dello zooning deriva dalle operazioni di raddrizzamento effettuate sugli strati originari per i Piani regolatori che sono stati in passato costruiti su basi catastali deformate. Le Zonizzazioni dei Piani Regolatori Generali Comunali sono pubblicate per la sola consultazione. L’identificazione geografica del mappale non ha significato di consultazione catastale ma ha il solo scopo di rappresentare la porzione di terreno nel contesto della pianificazione urbanistica del Comune. Il dato non ha carattere di ufficialità. La pubblicazione è concordata con gli Uffici Tecnici Comunali ed il grado di allineamento ai confini e di aggiornamento migliorerà progressivamente attraverso l’interazione tra Sistema Informativo Montano e Uffici Tecnici dei comuni. Per i comuni di Villa Santina, Enemonzo, Raveo e Lauco occorre tenere conto della Zonizzazione del Parco Intercomunale delle Colline Carniche (L.R. 42/1996). Per ogni qualsiasi altro dubbio sull'utilizzo del dato e sul grado di ufficialità si rimanda alla consultazione della scheda dei metadati, o si consiglia di fare riferimento al Punto di contatto.",,PUBLIC_CONFIG_DETECTED,D:20121206 H:20121206,NOT_ACQUIRED_CURRENTNESS_UNVERIFIED,,,,,,,Verificare assenza di varianti efficaci successive e allineamento puntuale del vettore.,,,,
030113,Taipana,UD,PRGC Taipana,,OFFICIAL_PRGC_PAGE_FOUND,,,https://www.comune.taipana.ud.it/documento_pubblico/piano-regolatore-generale/,2026-09-19,,,,,,Comune - PRG,PDF/LINK,,,LINEAGE_NOT_FULLY_VERIFIED,CURRENT_SOURCE_FOUND_LINEAGE_INCOMPLETE,Pagina ufficiale comunale dedicata al Piano Regolatore Generale.,https://www.comune.taipana.ud.it/documento_pubblico/piano-regolatore-generale/,STANDARD_CONFIG_NOT_DETECTED_NOT_A_NEGATIVE_PROOF,D: H:,NOT_ACQUIRED_LINEAGE_INCOMPLETE,,,,,,,La pagina non espone versione o ultima variante efficace; vettore corrente non verificato.,,https://www.comune.taipana.ud.it/documento_pubblico/piano-regolatore-generale/,NOT_MATERIALIZED,
030114,Talmassons,UD,PRGC Talmassons,,APPROVED_PUBLISHED,,,https://irdat.regione.fvg.it/consultatore-dati-ambientali-territoriali/detail/irdat/dataset/12215,2026-09-19,12215,https://irdat.regione.fvg.it/consultatore-dati-ambientali-territoriali/detail/irdat/dataset/12215,Comune di Talmassons,,,IRDAT/Comune,,,12215,IRDAT_RECORD_DETAIL_INCOMPLETE,CURRENT_SOURCE_FOUND_LINEAGE_INCOMPLETE,Piano Regolatore Generale Comunale aggiornato alla Variante puntuale n. 47 adottata con delibera del Consiglio Comunale n. 2 del 3/3/2026 e approvata con delibera del Consiglio Comunale n. 20 del 30/5/2026.,,PUBLIC_CONFIG_DETECTED,D:20150917 H:20150917,NOT_ACQUIRED_CURRENTNESS_UNVERIFIED,,,,,,,Verificare assenza di varianti efficaci successive e allineamento puntuale del vettore.,,,,
030116,Tarcento,UD,PRGC Tarcento,Variant 42,APPROVED_PUBLISHED,,,https://irdat.regione.fvg.it/consultatore-dati-ambientali-territoriali/detail/irdat/dataset/12053,2026-09-19,12053,https://irdat.regione.fvg.it/consultatore-dati-ambientali-territoriali/detail/irdat/dataset/12053,Comune di Tarcento,,,IRDAT/Comune,,,12053,IRDAT_RECORD_DETAIL_INCOMPLETE,CURRENT_SOURCE_FOUND_LINEAGE_INCOMPLETE,"Piano regolatore generale del Comune di Tarcento, variante 42. Approvato con delibera del C.C. n. 32 del 27.06.2020.",,PUBLIC_CONFIG_DETECTED,D:20170817 H:20170817,NOT_ACQUIRED_CURRENTNESS_UNVERIFIED,,,,,,,Verificare assenza di varianti efficaci successive e allineamento puntuale del vettore.,,,,
030117,Tarvisio,UD,PRGC Tarvisio,Variant 82,,,,https://irdat.regione.fvg.it/consultatore-dati-ambientali-territoriali/detail/irdat/dataset/12216,2026-09-19,12216,https://irdat.regione.fvg.it/consultatore-dati-ambientali-territoriali/detail/irdat/dataset/12216,Comune di Tarvisio,,,IRDAT/Comune,,,12216,IRDAT_RECORD_DETAIL_INCOMPLETE,CURRENT_SOURCE_FOUND_LINEAGE_INCOMPLETE,Piano Regolatore Generale del Comune di Tarvisio - Variante 82,,PUBLIC_CONFIG_DETECTED,D:20170706 H:20170706,NOT_ACQUIRED_CURRENTNESS_UNVERIFIED,,,,,,,Verificare assenza di varianti efficaci successive e allineamento puntuale del vettore.,,,,
030118,Tavagnacco,UD,PRGC Tavagnacco,Variant 22,APPROVED_PUBLISHED,2024-01-30,,https://www.comune.tavagnacco.ud.it/Novita/Notizie/Pubblicata-online-la-Variante-n.-22-al-PRGC,2026-09-19,12217,https://irdat.regione.fvg.it/consultatore-dati-ambientali-territoriali/detail/irdat/dataset/12217,Comune di Tavagnacco,2024-03-19,,IRDAT/Comune,Shapefile (shp),RDN2008-TM33NE,12217,VERIFIED_TO_CURRENT_VARIANT,CURRENT_VECTOR_VERIFIED,Variante 22 approvata DCC 3 del 30/01/2024; pubblicazione online EagleFVG 19/11/2025,https://www.comune.tavagnacco.ud.it/Novita/Notizie/Pubblicata-online-la-Variante-n.-22-al-PRGC,PUBLIC_CONFIG_DETECTED,D:20150129 H:20150129,DOWNLOADED,C:\Users\visen\OneDrive\Università\UniUD\Tesi\5_HUB_FVG\02_external_sources\F3_CHAT_3_8\municipalities\030118_tavagnacco\Tavagnacco_6708.zip,697382,7a64703068f79caf2cd468c035e331d5578d5a772de3cb6fbd227c0d1a721ec1,PASS,True,True,CER D/H antecedenti alla variante corrente documentata,,,,
030120,Terzo d'Aquileia,UD,PRGC Terzo di Aquileia,Variant 6,APPROVED_PUBLISHED,,,https://irdat.regione.fvg.it/consultatore-dati-ambientali-territoriali/detail/irdat/dataset/12218,2026-09-19,12218,https://irdat.regione.fvg.it/consultatore-dati-ambientali-territoriali/detail/irdat/dataset/12218,Comune di Terzo di Aquileia,,,IRDAT/Comune,,,12218,IRDAT_RECORD_DETAIL_INCOMPLETE,CURRENT_SOURCE_FOUND_LINEAGE_INCOMPLETE,Piano Regolatore Generale del Comune di Terzo di Aquileia - Variante 6. Approvazione con delibera del C.C. n. 12 del 19/04/2022.,,STANDARD_CONFIG_NOT_DETECTED_NOT_A_NEGATIVE_PROOF,D:20110324 H:,NOT_ACQUIRED_CURRENTNESS_UNVERIFIED,,,,,,,Verificare assenza di varianti efficaci successive e allineamento puntuale del vettore.,,,,
030121,Tolmezzo,UD,PRGC Tolmezzo,122,ADOPTED_DEPOSITED_NOT_PROVEN_EFFECTIVE,Deposito 22/01/2026-21/02/2026,,https://www.comune.tolmezzo.ud.it/novita/variante-122-al-prgc-depositati-gli-elaborati-allufficio-urbanistica-in-libera-visione-del-pubblico/,2026-09-19,,,,,,Comune - elaborati Variante 122,PDF,,,LINEAGE_NOT_FULLY_VERIFIED,CURRENT_SOURCE_FOUND_LINEAGE_INCOMPLETE,Avviso comunale del 21/01/2026 documenta deposito della Variante 122 di conformazione al PPR.,https://www.comune.tolmezzo.ud.it/novita/variante-122-al-prgc-depositati-gli-elaborati-allufficio-urbanistica-in-libera-visione-del-pubblico/,STANDARD_CONFIG_NOT_DETECTED_NOT_A_NEGATIVE_PROOF,D:20170316 H:20170316,NOT_ACQUIRED_LINEAGE_INCOMPLETE,,,,,,,"La fonte documenta fase di deposito, non l'efficacia finale; vettore corrente non chiuso.",,https://www.comune.tolmezzo.ud.it/novita/variante-122-al-prgc-depositati-gli-elaborati-allufficio-urbanistica-in-libera-visione-del-pubblico/,NOT_MATERIALIZED,
030122,Torreano,UD,PRGC Torreano,Variant 14,,,,https://irdat.regione.fvg.it/consultatore-dati-ambientali-territoriali/detail/irdat/dataset/12219,2026-09-19,12219,https://irdat.regione.fvg.it/consultatore-dati-ambientali-territoriali/detail/irdat/dataset/12219,Comune di Torreano,,,IRDAT/Comune,,,12219,IRDAT_RECORD_DETAIL_INCOMPLETE,CURRENT_SOURCE_FOUND_LINEAGE_INCOMPLETE,Piano Regolatore Generale del Comune di Torreano. Piano Regolatore Generale Comunale aggiornato alla Variante n.14.,,PUBLIC_CONFIG_DETECTED,D:20140420 H:20140420,NOT_ACQUIRED_CURRENTNESS_UNVERIFIED,,,,,,,Verificare assenza di varianti efficaci successive e allineamento puntuale del vettore.,,,,
030123,Torviscosa,UD,PRGC Torviscosa,17,OFFICIAL_VARIANT_DOCUMENT_FOUND,,,https://comune.torviscosa.ud.it/media/files/md/030123/C-NTAintegrateaggVARIANTE_17DopoOSSERVAZIONI.pdf,2026-09-19,,,,,,Comune - PDF Variante 17,PDF,,,LINEAGE_NOT_FULLY_VERIFIED,CURRENT_SOURCE_FOUND_LINEAGE_INCOMPLETE,Documento comunale ufficiale relativo alle NTA integrate della Variante 17.,https://comune.torviscosa.ud.it/media/files/md/030123/C-NTAintegrateaggVARIANTE_17DopoOSSERVAZIONI.pdf,STANDARD_CONFIG_NOT_DETECTED_NOT_A_NEGATIVE_PROOF,D:20160602 H:20160602,NOT_ACQUIRED_LINEAGE_INCOMPLETE,,,,,,,Non chiusa la prova che la Variante 17 sia l'ultima efficace al 2026; nessun vettore corrente verificato.,,https://comune.torviscosa.ud.it/media/files/md/030123/C-NTAintegrateaggVARIANTE_17DopoOSSERVAZIONI.pdf,MATERIALIZED,C6C27DD002229FA99CB0EB5E85DF0597B4286D63AF569311C4DBE427E1CDC58A
030124,Trasaghis,UD,PRGC Trasaghis,Variant 18,,,,https://irdat.regione.fvg.it/consultatore-dati-ambientali-territoriali/detail/irdat/dataset/12222,2026-09-19,12222,https://irdat.regione.fvg.it/consultatore-dati-ambientali-territoriali/detail/irdat/dataset/12222,Comune di Trasaghis,,,IRDAT/Comune,,,12222,IRDAT_RECORD_DETAIL_INCOMPLETE,CURRENT_SOURCE_FOUND_LINEAGE_INCOMPLETE,Piano Regolatore Generale del Comune di Trasaghis - Variante n.18,,PUBLIC_CONFIG_DETECTED,D:20151022 H:,NOT_ACQUIRED_CURRENTNESS_UNVERIFIED,,,,,,,Verificare assenza di varianti efficaci successive e allineamento puntuale del vettore.,,,,
030126,Treppo Grande,UD,PRGC Treppo Grande,Nuovo PRGC + Variante 1,NEW_PRGC_APPROVED_SUCCESSIVE_VARIANT_DOCUMENTED,Nuovo PRGC approvato nel 2021; esecutivita regionale 2022 indicata negli elaborati,,https://comune.treppogrande.ud.it/it/novita-223234/notizie-223235/nuovo-piano-regolatore-generale-comunale-prgc-105689,2026-09-19,,,,,,Comune - elaborati PRGC,PDF,,,LINEAGE_NOT_FULLY_VERIFIED,CURRENT_SOURCE_FOUND_LINEAGE_INCOMPLETE,Pagina comunale documenta approvazione del nuovo PRGC; elaborati comunali successivi documentano Variante 1.,https://comune.treppogrande.ud.it/it/novita-223234/notizie-223235/nuovo-piano-regolatore-generale-comunale-prgc-105689,STANDARD_CONFIG_NOT_DETECTED_NOT_A_NEGATIVE_PROOF,D:20170824 H:,NOT_ACQUIRED_LINEAGE_INCOMPLETE,,,,,,,Non chiusa in modo univoco l'efficacia dell'ultima variante successiva né disponibile un vettore corrente verificato.,,https://comune.treppogrande.ud.it/it/novita-223234/notizie-223235/nuovo-piano-regolatore-generale-comunale-prgc-105689,MATERIALIZED,3648A06688E46C98B3991FE698262B1D6115B0E1DDAB553A10545EF87D9439E7
030127,Tricesimo,UD,PRGC Tricesimo,82,ADOPTED_NOT_PROVEN_EFFECTIVE,DCC 50 del 29/10/2025 - adozione,,https://www.comune.tricesimo.ud.it/it/news/variante-n-82-al-prgc,2026-09-19,,,,,,Comune - elaborati Variante 82,PDF,,,LINEAGE_NOT_FULLY_VERIFIED,CURRENT_SOURCE_FOUND_LINEAGE_INCOMPLETE,Avviso ufficiale documenta adozione e deposito della Variante 82 di conformazione al PPR.,https://www.comune.tricesimo.ud.it/it/news/variante-n-82-al-prgc,STANDARD_CONFIG_NOT_DETECTED_NOT_A_NEGATIVE_PROOF,D:20160407 H:20160407,NOT_ACQUIRED_LINEAGE_INCOMPLETE,,,,,,,Adozione non equivale a vigenza; non reperita prova finale di efficacia né vettore corrente verificato.,,https://www.comune.tricesimo.ud.it/it/news/variante-n-82-al-prgc,MATERIALIZED,9474EC2B067AB417DBCE49E2D1DCBF81A70DE3D2F4059BA7F1AD8478278B4F94
030128,Trivignano Udinese,UD,PRGC Trivignano Udinese,27,OFFICIAL_VARIANT_DOCUMENT_FOUND,,,https://www.comune.trivignano-udinese.ud.it/media/files/030128/attachment/Trivignano_Prgc_v_27_Relazione_mshHpYP.pdf,2026-09-19,,,,,,Comune - PDF Variante 27,PDF,,,LINEAGE_NOT_FULLY_VERIFIED,CURRENT_SOURCE_FOUND_LINEAGE_INCOMPLETE,Relazione ufficiale comunale della Variante 27.,https://www.comune.trivignano-udinese.ud.it/media/files/030128/attachment/Trivignano_Prgc_v_27_Relazione_mshHpYP.pdf,STANDARD_CONFIG_NOT_DETECTED_NOT_A_NEGATIVE_PROOF,D:20180201 H:20180201,NOT_ACQUIRED_LINEAGE_INCOMPLETE,,,,,,,Non dimostrata l'efficacia finale e l'assenza di varianti successive; nessun vettore corrente verificato.,,https://www.comune.trivignano-udinese.ud.it/media/files/030128/attachment/Trivignano_Prgc_v_27_Relazione_mshHpYP.pdf,MATERIALIZED,FAFE9906E8F556174D1D7907B42AD15D17807D8DF66CF925A017CE735A79B2F2
030129,Udine,UD,PRGC Udine,,APPROVED_PUBLISHED,,BUR n. 6 del 11/02/2026,https://irdat.regione.fvg.it/consultatore-dati-ambientali-territoriali/detail/irdat/dataset/12244,2026-09-19,12244,https://irdat.regione.fvg.it/consultatore-dati-ambientali-territoriali/detail/irdat/dataset/12244,Comune di Udine,,,IRDAT/Comune,,,12244,IRDAT_RECORD_DETAIL_INCOMPLETE,CURRENT_SOURCE_FOUND_LINEAGE_INCOMPLETE,"""Piano Regolatore Generale del Comune di Udine P.R.G.C. aggiornato con: - VAR. 44: - delibera GC adozione n. 48/2025 del 29/09/2025; - delibera CC approvazione n. 2/2026 del 26/01/2026; - pubblicazione sul BUR n. 6 del 11/02/2026 - VAR. 46: - delibera CC n. 24/2025 del 28/04/2025 (presa d'atto dell'Autorizzazione Unica (AU - decreto n° 67615/GRFVG del 05/12/2025) rilasciata dalla reg. FVG che costituisce l'approvazione della variante senza necessità di adozione) - pubblicazione sul BUR n. 52 del 24/12/2025 """,,PUBLIC_CONFIG_DETECTED,D:20171109 H:20171109,NOT_ACQUIRED_CURRENTNESS_UNVERIFIED,,,,,,,Verificare assenza di varianti efficaci successive e allineamento puntuale del vettore.,,,,
030130,Varmo,UD,PRGC Varmo,Variant 20,APPROVED_PUBLISHED,,,https://irdat.regione.fvg.it/consultatore-dati-ambientali-territoriali/detail/irdat/dataset/12224,2026-09-19,12224,https://irdat.regione.fvg.it/consultatore-dati-ambientali-territoriali/detail/irdat/dataset/12224,Comune di Varmo,,,IRDAT/Comune,,,12224,IRDAT_RECORD_DETAIL_INCOMPLETE,CURRENT_SOURCE_FOUND_LINEAGE_INCOMPLETE,Piano Regolatore Generale del Comune di Varmo - Variante 20. ADOZIONE: delibera C.C. nr. 3 del 27-01-2022. APPROVAZIONE: delibera C.C. nr. 15 del 28-04-2022 (pubblicata sul B.U.R. nr. 20 del 18-05-2022) in vigore dal 19-05-2022.,,PUBLIC_CONFIG_DETECTED,D:20150709 H:20150709,NOT_ACQUIRED_CURRENTNESS_UNVERIFIED,,,,,,,Verificare assenza di varianti efficaci successive e allineamento puntuale del vettore.,,,,
030131,Venzone,UD,PRGC Venzone,,,,,https://irdat.regione.fvg.it/consultatore-dati-ambientali-territoriali/detail/irdat/dataset/12225,2026-09-19,12225,https://irdat.regione.fvg.it/consultatore-dati-ambientali-territoriali/detail/irdat/dataset/12225,Comune di Venzone,,,IRDAT/Comune,,,12225,IRDAT_RECORD_DETAIL_INCOMPLETE,CURRENT_SOURCE_FOUND_LINEAGE_INCOMPLETE,piano regolatore del Comune di Venzone,,PUBLIC_CONFIG_DETECTED,D:20170713 H:20170713,NOT_ACQUIRED_CURRENTNESS_UNVERIFIED,,,,,,,Verificare assenza di varianti efficaci successive e allineamento puntuale del vettore.,,,,
030132,Verzegnis,UD,PRGC Verzegnis,,,,,https://irdat.regione.fvg.it/consultatore-dati-ambientali-territoriali/detail/irdat/dataset/12342,2026-09-19,12342,https://irdat.regione.fvg.it/consultatore-dati-ambientali-territoriali/detail/irdat/dataset/12342,Comune di Verzegnis,,,IRDAT/Comune,,,12342,IRDAT_RECORD_DETAIL_INCOMPLETE,CURRENT_SOURCE_FOUND_LINEAGE_INCOMPLETE,piano regolatore del Comune di Verzegnis,,STANDARD_CONFIG_NOT_DETECTED_NOT_A_NEGATIVE_PROOF,D:20090402 H:,NOT_ACQUIRED_CURRENTNESS_UNVERIFIED,,,,,,,Verificare assenza di varianti efficaci successive e allineamento puntuale del vettore.,,,,
030133,Villa Santina,UD,PRGC Villa Santina,,APPROVED_PUBLISHED,,,https://irdat.regione.fvg.it/consultatore-dati-ambientali-territoriali/detail/irdat/dataset/12226,2026-09-19,12226,https://irdat.regione.fvg.it/consultatore-dati-ambientali-territoriali/detail/irdat/dataset/12226,Comune di Villa Santina,,,IRDAT/Comune,,,12226,IRDAT_RECORD_DETAIL_INCOMPLETE,CURRENT_SOURCE_FOUND_LINEAGE_INCOMPLETE,"Estrazione comunale parziale derivata dalla Unione delle zone omogenee di tutti i piani regolatori della Carnia - L'assemblaggio viene aggiornato in modo dinamico seguendo le indicazioni degli Uffici Tecnici comunali. La Certificazione Urbanistica deve essere richiesta agli Uffici Tecnici Comunali. Il disallineamento dei confini dei comuni e dello zooning deriva dalle operazioni di raddrizzamento effettuate sugli strati originari per i Piani regolatori che sono stati in passato costruiti su basi catastali deformate. Le Zonizzazioni dei Piani Regolatori Generali Comunali sono pubblicate per la sola consultazione. L’identificazione geografica del mappale non ha significato di consultazione catastale ma ha il solo scopo di rappresentare la porzione di terreno nel contesto della pianificazione urbanistica del Comune. Il dato non ha carattere di ufficialità. La pubblicazione è concordata con gli Uffici Tecnici Comunali ed il grado di allineamento ai confini e di aggiornamento migliorerà progressivamente attraverso l’interazione tra Sistema Informativo Montano e Uffici Tecnici dei comuni. Per i comuni di Villa Santina, Enemonzo, Raveo e Lauco occorre tenere conto della Zonizzazione del Parco Intercomunale delle Colline Carniche (L.R. 42/1996). Per ogni qualsiasi altro dubbio sull'utilizzo del dato e sul grado di ufficialità si rimanda alla consultazione della scheda dei metadati, o si consiglia di fare riferimento al Punto di contatto.",,PUBLIC_CONFIG_DETECTED,D:20150910 H:20150910,NOT_ACQUIRED_CURRENTNESS_UNVERIFIED,,,,,,,Verificare assenza di varianti efficaci successive e allineamento puntuale del vettore.,,,,
030135,Visco,UD,PRGC Visco,Variant 17,APPROVED_PUBLISHED,,BUR n. 37 del 13.09.2017,https://irdat.regione.fvg.it/consultatore-dati-ambientali-territoriali/detail/irdat/dataset/12228,2026-09-19,12228,https://irdat.regione.fvg.it/consultatore-dati-ambientali-territoriali/detail/irdat/dataset/12228,Comune di Visco,,,IRDAT/Comune,,,12228,IRDAT_RECORD_DETAIL_INCOMPLETE,CURRENT_SOURCE_FOUND_LINEAGE_INCOMPLETE,Piano Regolatore Generale del Comune di Visco. Variante urbanistica nr. 17. La Variante di cui all'oggetto e' stata redatta dall'Ing. Antonio NONINO (giusta determinazione n. 54/I.T. di data 26/09/2016). Adottata con Delibera di Consiglio Comunale n. 19 del 31.07.2017. Pubblicato sul BUR (Bollettino Ufficiale Regionale) n. 37 del 13.09.2017 l'avviso di deposito relativo all'adozione della Variante n. 17 al PRGC. Successivamente con delibera della Giunta Comunale n. 61 del 30.10.2017 e' stato preso d'atto della dichiarazione del progettista in merito alla non assoggettabilita' alla procedura di Valutazione Ambientale Strategica della Variante n. 17 al P.R.G.C.. Infine e' stata approvata con Delibera di Consiglio n. 30 del 30.11.2017 e pubblicato sul BUR il 03.01.2018.,,PUBLIC_CONFIG_DETECTED,D:20180104 H:20180104,NOT_ACQUIRED_CURRENTNESS_UNVERIFIED,,,,,,,Verificare assenza di varianti efficaci successive e allineamento puntuale del vettore.,,,,
030136,Zuglio,UD,PRGC Zuglio,,APPROVED_PUBLISHED,,,https://irdat.regione.fvg.it/consultatore-dati-ambientali-territoriali/detail/irdat/dataset/12343,2026-09-19,12343,https://irdat.regione.fvg.it/consultatore-dati-ambientali-territoriali/detail/irdat/dataset/12343,Comune di Zuglio,,,IRDAT/Comune,,,12343,IRDAT_RECORD_DETAIL_INCOMPLETE,CURRENT_SOURCE_FOUND_LINEAGE_INCOMPLETE,"Estrazione comunale parziale derivata dalla Unione delle zone omogenee di tutti i piani regolatori della Carnia - L'assemblaggio viene aggiornato in modo dinamico seguendo le indicazioni degli Uffici Tecnici comunali. La Certificazione Urbanistica deve essere richiesta agli Uffici Tecnici Comunali. Il disallineamento dei confini dei comuni e dello zooning deriva dalle operazioni di raddrizzamento effettuate sugli strati originari per i Piani regolatori che sono stati in passato costruiti su basi catastali deformate. Le Zonizzazioni dei Piani Regolatori Generali Comunali sono pubblicate per la sola consultazione. L’identificazione geografica del mappale non ha significato di consultazione catastale ma ha il solo scopo di rappresentare la porzione di terreno nel contesto della pianificazione urbanistica del Comune. Il dato non ha carattere di ufficialità. La pubblicazione è concordata con gli Uffici Tecnici Comunali ed il grado di allineamento ai confini e di aggiornamento migliorerà progressivamente attraverso l’interazione tra Sistema Informativo Montano e Uffici Tecnici dei comuni. Per i comuni di Villa Santina, Enemonzo, Raveo e Lauco occorre tenere conto della Zonizzazione del Parco Intercomunale delle Colline Carniche (L.R. 42/1996). Per ogni qualsiasi altro dubbio sull'utilizzo del dato e sul grado di ufficialità si rimanda alla consultazione della scheda dei metadati, o si consiglia di fare riferimento al Punto di contatto.",,PUBLIC_CONFIG_DETECTED,D: H:,NOT_ACQUIRED_CURRENTNESS_UNVERIFIED,,,,,,,Verificare assenza di varianti efficaci successive e allineamento puntuale del vettore.,,,,
030137,Forgaria nel Friuli,UD,PRGC Forgaria nel Friuli,Variant 18,APPROVED_PUBLISHED,,,https://irdat.regione.fvg.it/consultatore-dati-ambientali-territoriali/detail/irdat/dataset/12154,2026-09-19,12154,https://irdat.regione.fvg.it/consultatore-dati-ambientali-territoriali/detail/irdat/dataset/12154,Comune di Forgaria nel Friuli,,,IRDAT/Comune,,,12154,IRDAT_RECORD_DETAIL_INCOMPLETE,CURRENT_SOURCE_FOUND_LINEAGE_INCOMPLETE,Piano Regolatore Generale del Comune di Forgaria nel Friuli aggiornato alla Variante n. 18 approvata con Delibera di C.C. n. 18 del 18.03.2023.,,PUBLIC_CONFIG_DETECTED,D:20171116 H:,NOT_ACQUIRED_CURRENTNESS_UNVERIFIED,,,,,,,Verificare assenza di varianti efficaci successive e allineamento puntuale del vettore.,,,,
030138,Campolongo Tapogliano,UD,PRGC Campolongo Tapogliano,Variant 6,,,,https://irdat.regione.fvg.it/consultatore-dati-ambientali-territoriali/detail/irdat/dataset/12131,2026-09-19,12131,https://irdat.regione.fvg.it/consultatore-dati-ambientali-territoriali/detail/irdat/dataset/12131,Comune di Campolongo Tapogliano,,,IRDAT/Comune,,,12131,IRDAT_RECORD_DETAIL_INCOMPLETE,CURRENT_SOURCE_FOUND_LINEAGE_INCOMPLETE,Piano Regolatore Generale del Comune di Campolongo Tapogliano. Variante n. 6.,,PUBLIC_CONFIG_DETECTED,D:20160811 H:,NOT_ACQUIRED_CURRENTNESS_UNVERIFIED,,,,,,,Verificare assenza di varianti efficaci successive e allineamento puntuale del vettore.,,,,
030188,Rivignano Teor,UD,PRGC Rivignano Teor,8 + varianti puntuali 9-10,OFFICIAL_CURRENT_PLAN_PAGE_WITH_SUCCESSIVE_MODIFICATIONS,,,https://www.comune.rivignanoteor.ud.it/it/amministrazione-trasparente-84310/pianificazione-e-governo-del-territorio-84380,2026-09-19,,,,,,Comune - elaborati PRGC,PDF/WEB,,,LINEAGE_NOT_FULLY_VERIFIED,CURRENT_SOURCE_FOUND_LINEAGE_INCOMPLETE,Pagina comunale identifica la Variante 8 come piano vigente salvo modifiche puntuali introdotte dalle varianti 9 e 10.,https://www.comune.rivignanoteor.ud.it/it/amministrazione-trasparente-84310/pianificazione-e-governo-del-territorio-84380,STANDARD_CONFIG_NOT_DETECTED_NOT_A_NEGATIVE_PROOF,D: H:,NOT_ACQUIRED_LINEAGE_INCOMPLETE,,,,,,,Per promozione serve chiudere efficacia e contenuti delle varianti 9-10 e verificare una geometria corrente allineata.,,https://www.comune.rivignanoteor.ud.it/it/amministrazione-trasparente-84310/pianificazione-e-governo-del-territorio-84380,MATERIALIZED,3648A06688E46C98B3991FE698262B1D6115B0E1DDAB553A10545EF87D9439E7
030189,Sappada,UD,PRGC Sappada,Variant 3,APPROVED_PUBLISHED,,,https://irdat.regione.fvg.it/consultatore-dati-ambientali-territoriali/detail/irdat/dataset/12204,2026-09-19,12204,https://irdat.regione.fvg.it/consultatore-dati-ambientali-territoriali/detail/irdat/dataset/12204,Comune di Sappada,,,IRDAT/Comune,,,12204,IRDAT_RECORD_DETAIL_INCOMPLETE,CURRENT_SOURCE_FOUND_LINEAGE_INCOMPLETE,Variante n. 3 al Piano Regolatore Generale Comunale adottata con Deliberazione di Consiglio Comunale n. 44 del 29/12/2023 e approvata con Deliberazione di Consiglio Comunale n. 18 del 8/04/2024.,,PUBLIC_CONFIG_DETECTED,D: H:,NOT_ACQUIRED_CURRENTNESS_UNVERIFIED,,,,,,,Verificare assenza di varianti efficaci successive e allineamento puntuale del vettore.,,,,
030190,Fiumicello Villa Vicentina,UD,PRGC Fiumicello Villa Vicentina,Variant 16,,,,https://irdat.regione.fvg.it/consultatore-dati-ambientali-territoriali/detail/irdat/dataset/12153,2026-09-19,12153,https://irdat.regione.fvg.it/consultatore-dati-ambientali-territoriali/detail/irdat/dataset/12153,Comune di Fiumicello Villa Vicentina,,,IRDAT/Comune,,,12153,IRDAT_RECORD_DETAIL_INCOMPLETE,CURRENT_SOURCE_FOUND_LINEAGE_INCOMPLETE,Piano Regolatore Generale del Comune di Fiumicello - Variante 16 . Elaborato modificato a seguito del recepimento delle riserve regionali vincolanti (DGR n. 1297 del 11.07.2014 parere n. 027/17 del 07.07.2014) e dell'accoglimento delle Osservazioni/Opposizioni.,,PUBLIC_CONFIG_DETECTED,D: H:,NOT_ACQUIRED_CURRENTNESS_UNVERIFIED,,,,,,,Verificare assenza di varianti efficaci successive e allineamento puntuale del vettore.,,,,
030191,Treppo Ligosullo,UD,PRGC Treppo Ligosullo,,APPROVED_PUBLISHED,,,https://irdat.regione.fvg.it/consultatore-dati-ambientali-territoriali/detail/irdat/dataset/12337,2026-09-19,12337,https://irdat.regione.fvg.it/consultatore-dati-ambientali-territoriali/detail/irdat/dataset/12337,Comune di Treppo Ligosullo,,,IRDAT/Comune,,,12337,IRDAT_RECORD_DETAIL_INCOMPLETE,CURRENT_SOURCE_FOUND_LINEAGE_INCOMPLETE,"Estrazione comunale parziale derivata dalla Unione delle zone omogenee di tutti i piani regolatori della Carnia - L'assemblaggio viene aggiornato in modo dinamico seguendo le indicazioni degli Uffici Tecnici comunali. La Certificazione Urbanistica deve essere richiesta agli Uffici Tecnici Comunali. Il disallineamento dei confini dei comuni e dello zooning deriva dalle operazioni di raddrizzamento effettuate sugli strati originari per i Piani regolatori che sono stati in passato costruiti su basi catastali deformate. Le Zonizzazioni dei Piani Regolatori Generali Comunali sono pubblicate per la sola consultazione. L’identificazione geografica del mappale non ha significato di consultazione catastale ma ha il solo scopo di rappresentare la porzione di terreno nel contesto della pianificazione urbanistica del Comune. Il dato non ha carattere di ufficialità. La pubblicazione è concordata con gli Uffici Tecnici Comunali ed il grado di allineamento ai confini e di aggiornamento migliorerà progressivamente attraverso l’interazione tra Sistema Informativo Montano e Uffici Tecnici dei comuni. Per i comuni di Villa Santina, Enemonzo, Raveo e Lauco occorre tenere conto della Zonizzazione del Parco Intercomunale delle Colline Carniche (L.R. 42/1996). Per ogni qualsiasi altro dubbio sull'utilizzo del dato e sul grado di ufficialità si rimanda alla consultazione della scheda dei metadati, o si consiglia di fare riferimento al Punto di contatto.",,PUBLIC_CONFIG_DETECTED,D: H:,NOT_ACQUIRED_CURRENTNESS_UNVERIFIED,,,,,,,Verificare assenza di varianti efficaci successive e allineamento puntuale del vettore.,,,,
031001,Capriva del Friuli,GO,PRGC Capriva del Friuli,,APPROVED_PUBLISHED,,,https://irdat.regione.fvg.it/consultatore-dati-ambientali-territoriali/detail/irdat/dataset/12133,2026-09-19,12133,https://irdat.regione.fvg.it/consultatore-dati-ambientali-territoriali/detail/irdat/dataset/12133,Comune di Capriva del Friuli,,,IRDAT/Comune,,,12133,IRDAT_RECORD_DETAIL_INCOMPLETE,CURRENT_SOURCE_FOUND_LINEAGE_INCOMPLETE,"Piano Regolatore Generale del Comune di Capriva del Friuli. Variante generale al P.R.G.C. adozione con deliberazione consiliare n. 14 dd. 4.06.2008, approvata con Deliberazione Consiliare n. 12 del 15/04/2009 la cui esecutivita' e' stata confermata dal D.P.Reg. n. 0232/Pres. Del 14/08/2009 ed entrata in vigore il 27/08/2009.",,PUBLIC_CONFIG_DETECTED,D:20130704 H:20130704,NOT_ACQUIRED_CURRENTNESS_UNVERIFIED,,,,,,,Verificare assenza di varianti efficaci successive e allineamento puntuale del vettore.,,,,
031002,Cormons,GO,PRGC Cormons,Variant 44,APPROVED_PUBLISHED,,,https://irdat.regione.fvg.it/consultatore-dati-ambientali-territoriali/detail/irdat/dataset/12236,2026-09-19,12236,https://irdat.regione.fvg.it/consultatore-dati-ambientali-territoriali/detail/irdat/dataset/12236,Comune di Cormòns,,,IRDAT/Comune,,,12236,IRDAT_RECORD_DETAIL_INCOMPLETE,CURRENT_SOURCE_FOUND_LINEAGE_INCOMPLETE,Piano Regolatore Generale del Comune di Cormons aggiornato alla Variante n.44. Approvata con Delibera di Consiglio Comunale n. 27 del 17/12/2025 .,,PUBLIC_CONFIG_DETECTED,D:20120412 H:20120412,NOT_ACQUIRED_CURRENTNESS_UNVERIFIED,,,,,,,Verificare assenza di varianti efficaci successive e allineamento puntuale del vettore.,,,,
031003,Doberdò del Lago,GO,PRGC Doberdò del Lago,,APPROVED_PUBLISHED,,,https://irdat.regione.fvg.it/consultatore-dati-ambientali-territoriali/detail/irdat/dataset/12145,2026-09-19,12145,https://irdat.regione.fvg.it/consultatore-dati-ambientali-territoriali/detail/irdat/dataset/12145,Comune di Doberdò del Lago,,,IRDAT/Comune,,,12145,IRDAT_RECORD_DETAIL_INCOMPLETE,CURRENT_SOURCE_FOUND_LINEAGE_INCOMPLETE,"Piano Regolatore Generale del Comune di Doberdo' del Lago. Variante Generale n.12 adottata con delibera del Consiglio Comunale n.3 d.d. 22/02/2024, approvata con delibera di Consiglio Comunale n.34 d.d. 08/11/2017, integrata dalla delibera di Consiglio Comunale n.5 d.d. 10/04/2024, pubblicata sul B.U.R. n.20 d.d. 15/05/2024 ed entrata in vigore il 16/05/2024.",,PUBLIC_CONFIG_DETECTED,D:20180503 H:,NOT_ACQUIRED_CURRENTNESS_UNVERIFIED,,,,,,,Verificare assenza di varianti efficaci successive e allineamento puntuale del vettore.,,,,
031004,Dolegna del Collio,GO,,,,,,https://www.comune.dolegnadelcollio.go.it/media/files/031004/attachment/DC29.2025_-_ADOZIONE_DELLA_VARIANTE_N.13_AL_PIANO_REGOLATORE_GENERALE_COMUNALE.pdf,2026-09-19,,,,,,,,,,CURRENT_SOURCE_FOUND_GEOMETRY_TO_VERIFY,CURRENT_SOURCE_FOUND_LINEAGE_INCOMPLETE,DCC 29/16-12-2025 adotta variante 13 e dichiara approvate le varianti 1-12; efficacia della 13 da verificare.,,STANDARD_CONFIG_NOT_DETECTED_NOT_A_NEGATIVE_PROOF,D:20180329 H:,NOT_ACQUIRED_CURRENTNESS_UNVERIFIED,,,,,,,Fonte istituzionale corrente individuata; ricostruire latest effective variant e geometria/lineage prima di qualunque uso in Fase 4.,,https://www.comune.dolegnadelcollio.go.it/media/files/031004/attachment/DC29.2025_-_ADOZIONE_DELLA_VARIANTE_N.13_AL_PIANO_REGOLATORE_GENERALE_COMUNALE.pdf,HTTP_OK_PDF_CURATED,0eeb9eb3f00163ace5128199b9b551a4ac751f0b0145fbb55fd148691348de52
031005,Farra d'Isonzo,GO,PRGC Farra d'Isonzo,Variant 16,APPROVED_PUBLISHED,,,https://irdat.regione.fvg.it/consultatore-dati-ambientali-territoriali/detail/irdat/dataset/12151,2026-09-19,12151,https://irdat.regione.fvg.it/consultatore-dati-ambientali-territoriali/detail/irdat/dataset/12151,Comune di Farra d'Isonzo,,,IRDAT/Comune,,,12151,IRDAT_RECORD_DETAIL_INCOMPLETE,CURRENT_SOURCE_FOUND_LINEAGE_INCOMPLETE,Piano Regolatore Generale del Comune di Farra d'Isonzo. Variante n. 16 approvata con delibera del C.C. n. 13 del 02/05/2017.,,PUBLIC_CONFIG_DETECTED,D:20170608 H:20170608,NOT_ACQUIRED_CURRENTNESS_UNVERIFIED,,,,,,,Verificare assenza di varianti efficaci successive e allineamento puntuale del vettore.,,,,
031006,Fogliano Redipuglia,GO,PRGC Fogliano Redipuglia,Variant 34,APPROVED_PUBLISHED,,,https://irdat.regione.fvg.it/consultatore-dati-ambientali-territoriali/detail/irdat/dataset/12246,2026-09-19,12246,https://irdat.regione.fvg.it/consultatore-dati-ambientali-territoriali/detail/irdat/dataset/12246,Comune di Fogliano Redipuglia,,,IRDAT/Comune,,,12246,IRDAT_RECORD_DETAIL_INCOMPLETE,CURRENT_SOURCE_FOUND_LINEAGE_INCOMPLETE,Piano Regolatore Generale del Comune di Fogliano Redipuglia. Variante n. 34 approvata con delibera del C.C. n. 30 del 26.07.2023.,,PUBLIC_CONFIG_DETECTED,D:20170706 H:20170706,NOT_ACQUIRED_CURRENTNESS_UNVERIFIED,,,,,,,Verificare assenza di varianti efficaci successive e allineamento puntuale del vettore.,,,,
031007,Gorizia,GO,PRGC Gorizia,Variant 61,APPROVED_PUBLISHED,2025-02-06,,https://comune.gorizia.it/it/amministrazione-trasparente-5819/pianificazione-e-governo-del-territorio-272820/varianti-al-prgc-272822,2026-09-19,12238,https://irdat.regione.fvg.it/consultatore-dati-ambientali-territoriali/detail/irdat/dataset/12238,Comune di Gorizia,2024-03-19,,IRDAT/Comune,Shapefile (shp),RDN2008-TM33NE,12238,VERIFIED_TO_CURRENT_VARIANT,CURRENT_VECTOR_VERIFIED,Varianti 60 e 61 esecutive nel 2025; pagina PRGC comunale aggiornata 08/01/2026,https://comune.gorizia.it/it/amministrazione-trasparente-5819/pianificazione-e-governo-del-territorio-272820/varianti-al-prgc-272822,PUBLIC_CONFIG_DETECTED,D:20170414 H:20170414,DOWNLOADED,C:\Users\visen\OneDrive\Università\UniUD\Tesi\5_HUB_FVG\02_external_sources\F3_CHAT_3_8\municipalities\031007_gorizia\Gorizia_6708.zip,14061443,60e5ab6bc68c21995d3916ddccfb2937298b5b8652109bb15333737af2b0c904,PASS,True,False,Variante 62 adottata nel 2026 non trattata come vigente,,,,
031008,Gradisca d'Isonzo,GO,PRGC Gradisca d'Isonzo,Variant 28,APPROVED_PUBLISHED,,,https://irdat.regione.fvg.it/consultatore-dati-ambientali-territoriali/detail/irdat/dataset/12160,2026-09-19,12160,https://irdat.regione.fvg.it/consultatore-dati-ambientali-territoriali/detail/irdat/dataset/12160,Comune di Gradisca d'Isonzo,,,IRDAT/Comune,,,12160,IRDAT_RECORD_DETAIL_INCOMPLETE,CURRENT_SOURCE_FOUND_LINEAGE_INCOMPLETE,"Piano Regolatore Generale del Comune di Gradisca d'Isonzo. Variante 26. Adeguamento grafico alla variante 26. Il testo delle N.T.A. e' aggiornato alla variante 28, approvata con deliberazione consigliare n. 5 del 04.03.2015, divenuta esecutiva con deliberazione della Giunta regionale n. 1597 del 6 agosto 2015, pubblicata sul B.U.R. n. 33 del 19 agosto 2015.",,PUBLIC_CONFIG_DETECTED,D:20171026 H:20171026,NOT_ACQUIRED_CURRENTNESS_UNVERIFIED,,,,,,,Verificare assenza di varianti efficaci successive e allineamento puntuale del vettore.,,,,
031009,Grado,GO,,,,,,https://www.comune.grado.go.it/it/amministrazione-62917/documenti-e-dati-62926/modulistica-62928/piano-regolatore-generale-comunale-prgc-vigente-zonizzazione-generale-72912,2026-09-19,,,,,,,,,,NO_CURRENT_VECTOR_ACQUIRED,CURRENT_PLAN_VERIFIED_NO_VECTOR,"Pagina comunale esplicitamente 'PRGC vigente - Zonizzazione generale'; elaborati PDF, pagina corrente nel 2026.",,STANDARD_CONFIG_NOT_DETECTED_NOT_A_NEGATIVE_PROOF,D:20171103 H:,NOT_ACQUIRED_CURRENTNESS_UNVERIFIED,,,,,,,Piano corrente documentato su fonte comunale; geometria ufficiale vettoriale non acquisita.,,https://www.comune.grado.go.it/it/amministrazione-62917/documenti-e-dati-62926/modulistica-62928/piano-regolatore-generale-comunale-prgc-vigente-zonizzazione-generale-72912,HTTP_OK_KEYWORD_NOT_FOUND,b6cd3030d737fa340fdcdf0d6034c8c4ada0e35bd3663bbbd9797d8641f9bad6
031010,Mariano del Friuli,GO,PRGC Mariano del Friuli,12-13,OFFICIAL_PRGC_DOCUMENT_FOUND,,,https://www.comune.marianodelfriuli.go.it/it/amministrazione-34448/documenti-e-dati-34467/documento-funzionamento-interno-34470/prg-norme-tecniche-49285,2026-09-19,,,,,,Comune - norme PRGC,PDF/WEB,,,LINEAGE_NOT_FULLY_VERIFIED,CURRENT_SOURCE_FOUND_LINEAGE_INCOMPLETE,Pagina comunale aggiornata nel 2026 pubblica norme PRG coordinate alle varianti 12 e 13 e il sito richiama il PRGC vigente.,https://www.comune.marianodelfriuli.go.it/it/amministrazione-34448/documenti-e-dati-34467/documento-funzionamento-interno-34470/prg-norme-tecniche-49285,STANDARD_CONFIG_NOT_DETECTED_NOT_A_NEGATIVE_PROOF,D:20121025 H:20121025,NOT_ACQUIRED_LINEAGE_INCOMPLETE,,,,,,,Non chiusa l'ultima variante efficace e non acquisita geometria vettoriale corrente.,,https://www.comune.marianodelfriuli.go.it/it/amministrazione-34448/documenti-e-dati-34467/documento-funzionamento-interno-34470/prg-norme-tecniche-49285,MATERIALIZED,99C4B60D28C446B694EF001273FB77C3483DCC58A1EB113C5EA12B3A0D3F6444
031011,Medea,GO,PRGC Medea,24/25/26,OFFICIAL_VARIANTS_INDEX_FOUND,,,https://www.comune.medea.go.it/it/amministrazione-trasparente-7833/pianificazione-e-governo-del-territorio-8050/piano-regolatore-generale-comunale-e-varianti-104090,2026-09-19,,,,,,Comune - PRGC e varianti,PDF/WEB,,,LINEAGE_NOT_FULLY_VERIFIED,CURRENT_SOURCE_FOUND_LINEAGE_INCOMPLETE,"Pagina comunale pubblica PRGC e documentazione delle varianti 24, 25 e 26.",https://www.comune.medea.go.it/it/amministrazione-trasparente-7833/pianificazione-e-governo-del-territorio-8050/piano-regolatore-generale-comunale-e-varianti-104090,STANDARD_CONFIG_NOT_DETECTED_NOT_A_NEGATIVE_PROOF,D:20130905 H:20130905,NOT_ACQUIRED_LINEAGE_INCOMPLETE,,,,,,,La numerazione e gli atti esposti non permettono di stabilire senza ulteriori verifiche quale sia l'ultima variante efficace; vettore corrente non verificato.,,https://www.comune.medea.go.it/it/amministrazione-trasparente-7833/pianificazione-e-governo-del-territorio-8050/piano-regolatore-generale-comunale-e-varianti-104090,MATERIALIZED,B6CD3030D737FA340FDCDF0D6034C8C4ADA0E35BD3663BBBD9797D8641F9BAD6
031012,Monfalcone,GO,PRGC Monfalcone,Variant 71,APPROVED_PUBLISHED,2025-01-21,,https://www.comune.monfalcone.go.it/it/amministrazione-trasparente-5724/pianificazione-e-governo-del-territorio-5794/pianificazione-territoriale-30539/piano-regolatore-generale-comunale-prgc-249162,2026-09-19,12239,https://irdat.regione.fvg.it/consultatore-dati-ambientali-territoriali/detail/irdat/dataset/12239,Comune di Monfalcone,2024-03-19,,IRDAT/Comune,Shapefile (shp),RDN2008-TM33NE,12239,VERIFIED_TO_CURRENT_VARIANT,CURRENT_VECTOR_VERIFIED,PRGC comunale pubblica elaborati di zonizzazione 64+71; Variante 71 approvata DCC 8 del 31/01/2025,https://www.comune.monfalcone.go.it/it/amministrazione-trasparente-5724/pianificazione-e-governo-del-territorio-5794/pianificazione-territoriale-30539/piano-regolatore-generale-comunale-prgc-249162,PUBLIC_CONFIG_DETECTED,D:20170522 H:20170522,DOWNLOADED,C:\Users\visen\OneDrive\Università\UniUD\Tesi\5_HUB_FVG\02_external_sources\F3_CHAT_3_8\municipalities\031012_monfalcone\Monfalcone_6708.zip,1225303,2c706ab5c9dadfe11d4135c1f2556658dbf1d6a8f8657901a30d1fd895b94708,PASS,True,False,Eagle comunale dichiarato divulgativo; prevalgono gli atti approvati,,,,
031013,Moraro,GO,,,,,,https://www.comune.moraro.go.it/it/amministrazione-48991/documenti-e-dati-49010/documento-funzionamento-interno-49013/documentazione-piano-regolatore-generale-comunale-prgc-91552,2026-09-19,,,,,,,,,,CURRENT_SOURCE_FOUND_GEOMETRY_TO_VERIFY,CURRENT_SOURCE_FOUND_LINEAGE_INCOMPLETE,Pagina comunale PRGC aggiornata 10/12/2025 con elaborati e NTA; numero variante efficace da ricostruire.,,STANDARD_CONFIG_NOT_DETECTED_NOT_A_NEGATIVE_PROOF,D:20160512 H:,NOT_ACQUIRED_CURRENTNESS_UNVERIFIED,,,,,,,Fonte istituzionale corrente individuata; ricostruire latest effective variant e geometria/lineage prima di qualunque uso in Fase 4.,,https://www.comune.moraro.go.it/it/amministrazione-48991/documenti-e-dati-49010/documento-funzionamento-interno-49013/documentazione-piano-regolatore-generale-comunale-prgc-91552,HTTP_OK_KEYWORD_NOT_FOUND,99c4b60d28c446b694ef001273fb77c3483dcc58a1eb113c5ea12b3a0d3f6444
031014,Mossa,GO,PRGC Mossa,21,VARIANT_21_PROJECT_FOUND,,,https://www.comune.mossa.go.it/media/files/031014/attachment/v1_A_Tav_Mossa_2000_per_adozione_VAR_21_NORD_pigO0VO.pdf,2026-09-19,,,,,,Comune - tavole Variante 21,PDF,,,LINEAGE_NOT_FULLY_VERIFIED,CURRENT_SOURCE_FOUND_LINEAGE_INCOMPLETE,Tavola comunale ufficiale del progetto Variante 21; altra documentazione comunale storica attesta varianti precedenti.,https://www.comune.mossa.go.it/media/files/031014/attachment/v1_A_Tav_Mossa_2000_per_adozione_VAR_21_NORD_pigO0VO.pdf,STANDARD_CONFIG_NOT_DETECTED_NOT_A_NEGATIVE_PROOF,D:20160609 H:20160609,NOT_ACQUIRED_LINEAGE_INCOMPLETE,,,,,,,Non chiuso l'esito procedurale/efficacia della Variante 21 né verificata geometria vettoriale corrente.,,https://www.comune.mossa.go.it/media/files/031014/attachment/v1_A_Tav_Mossa_2000_per_adozione_VAR_21_NORD_pigO0VO.pdf,MATERIALIZED,4A21780FB30D061E360B250AF5020B4B0FCFF4E8BEDC2F2713C5116D30B869D5
031015,Romans d'Isonzo,GO,PRGC Romans d'Isonzo,41,OFFICIAL_VARIANT_DOCUMENT_FOUND,,,https://www.comune.romans.go.it/media/files/031015/attachment/sad_00QJE_RMSPAC_20_Verifica_di_non_assoggettabilita_VAS_JVadvLn.pdf,2026-09-19,,,,,,Comune - elaborati Variante 41,PDF,,,LINEAGE_NOT_FULLY_VERIFIED,CURRENT_SOURCE_FOUND_LINEAGE_INCOMPLETE,Documento comunale descrive la Variante 41 e richiama il PRGC vigente.,https://www.comune.romans.go.it/media/files/031015/attachment/sad_00QJE_RMSPAC_20_Verifica_di_non_assoggettabilita_VAS_JVadvLn.pdf,STANDARD_CONFIG_NOT_DETECTED_NOT_A_NEGATIVE_PROOF,D:20170413 H:20170413,NOT_ACQUIRED_LINEAGE_INCOMPLETE,,,,,,,Non dimostrata l'efficacia finale della Variante 41 e l'assenza di varianti successive; vettore corrente non verificato.,,https://www.comune.romans.go.it/media/files/031015/attachment/sad_00QJE_RMSPAC_20_Verifica_di_non_assoggettabilita_VAS_JVadvLn.pdf,MATERIALIZED,A6D6C24A1516CCB55D4A492F2AF9344F31DBB89B3530DD900BB4C5BD03B3374A
031016,Ronchi dei Legionari,GO,PRGC Ronchi dei Legionari,Variant 8,APPROVED_PUBLISHED,,,https://irdat.regione.fvg.it/consultatore-dati-ambientali-territoriali/detail/irdat/dataset/12192,2026-09-19,12192,https://irdat.regione.fvg.it/consultatore-dati-ambientali-territoriali/detail/irdat/dataset/12192,Comune di Ronchi dei Legionari,,,IRDAT/Comune,,,12192,IRDAT_RECORD_DETAIL_INCOMPLETE,CURRENT_SOURCE_FOUND_LINEAGE_INCOMPLETE,"Piano Regolatore Generale del Comune di Ronchi dei Legionari. Variante 8 al P.R.G.C. adozione D.C. 43 del 15.12.2021, approvata con le controdeduzioni del caso con D.C. n.10 del 21.03.2022.",,PUBLIC_CONFIG_DETECTED,D:20170112 H:20170112,NOT_ACQUIRED_CURRENTNESS_UNVERIFIED,,,,,,,Verificare assenza di varianti efficaci successive e allineamento puntuale del vettore.,,,,
031017,Sagrado,GO,PRGC Sagrado,Variant 2,APPROVED_PUBLISHED,,,https://irdat.regione.fvg.it/consultatore-dati-ambientali-territoriali/detail/irdat/dataset/12233,2026-09-19,12233,https://irdat.regione.fvg.it/consultatore-dati-ambientali-territoriali/detail/irdat/dataset/12233,Comune di Sagrado,,,IRDAT/Comune,,,12233,IRDAT_RECORD_DETAIL_INCOMPLETE,CURRENT_SOURCE_FOUND_LINEAGE_INCOMPLETE,"Piano Regolatore Generale del Comune di Sagrado, Piano Regolatore Generale Comunale aggiornato alla Variante n.2. Approvata con delibera di C.C. n. 36 del 02.11.2022.",,PUBLIC_CONFIG_DETECTED,D:20170629 H:,NOT_ACQUIRED_CURRENTNESS_UNVERIFIED,,,,,,,Verificare assenza di varianti efficaci successive e allineamento puntuale del vettore.,,,,
031018,San Canzian d'Isonzo,GO,PRGC San Canzian d'Isonzo,Variant 29,APPROVED_PUBLISHED,2025-07-10,,https://www.comune.sancanziandisonzo.go.it/it/amministrazione-trasparente-10292/pianificazione-e-governo-del-territorio-16324/pianificazione-territoriale-16437/delibere-16439,2026-09-19,12194,https://irdat.regione.fvg.it/consultatore-dati-ambientali-territoriali/detail/irdat/dataset/12194,Comune di San Canzian d'Isonzo,2024-03-18,,IRDAT/Comune,Shapefile (shp),RDN2008-TM33NE,12194,VERIFIED_TO_CURRENT_VARIANT,CURRENT_VECTOR_VERIFIED,Variante 29 approvata il 10/07/2025; elenco comunale delle varianti,https://www.comune.sancanziandisonzo.go.it/it/amministrazione-trasparente-10292/pianificazione-e-governo-del-territorio-16324/pianificazione-territoriale-16437/delibere-16439,PUBLIC_CONFIG_DETECTED,D:20160804 H:20160804,DOWNLOADED,C:\Users\visen\OneDrive\Università\UniUD\Tesi\5_HUB_FVG\02_external_sources\F3_CHAT_3_8\municipalities\031018_sancanziandisonzo\SanCanziandIsonzo_6708.zip,1456091,1793a932605e8202c160c453248ee71fea7e8e9a113908d284bca5207b5e6a49,PASS,True,True,Variante 30 adottata nel 2026 non trattata come vigente,,,,
031019,San Floriano del Collio,GO,,,,,,https://comune.sanflorianodelcollio.go.it/media/files/md/031019/PRGC_-_Norme_tecniche_di_attuazione.PDF,2026-09-19,,,,,,,,,,CURRENT_SOURCE_FOUND_GEOMETRY_TO_VERIFY,CURRENT_SOURCE_FOUND_LINEAGE_INCOMPLETE,NTA PRGC pubblicate sul dominio comunale nel 2026; stato variante corrente e geometria da ricostruire.,,STANDARD_CONFIG_NOT_DETECTED_NOT_A_NEGATIVE_PROOF,D:20160218 H:,NOT_ACQUIRED_CURRENTNESS_UNVERIFIED,,,,,,,Fonte istituzionale corrente individuata; ricostruire latest effective variant e geometria/lineage prima di qualunque uso in Fase 4.,,https://comune.sanflorianodelcollio.go.it/media/files/md/031019/PRGC_-_Norme_tecniche_di_attuazione.PDF,HTTP_OK_PDF_CURATED,0da3a7f52088e9f3c9f1c92655a86631123b4ec3c929d6460cc17912269f1df2
031020,San Lorenzo Isontino,GO,PRGC San Lorenzo Isontino,Variant 22,APPROVED_PUBLISHED,,,https://irdat.regione.fvg.it/consultatore-dati-ambientali-territoriali/detail/irdat/dataset/12200,2026-09-19,12200,https://irdat.regione.fvg.it/consultatore-dati-ambientali-territoriali/detail/irdat/dataset/12200,Comune di San Lorenzo Isontino,,,IRDAT/Comune,,,12200,IRDAT_RECORD_DETAIL_INCOMPLETE,CURRENT_SOURCE_FOUND_LINEAGE_INCOMPLETE,"Piano Regolatore Generale del Comune di San Lorenzo Isontino - Variante 22, approvata con Deliberazione consiliare n. 6 del 29/03/2022 e n. 8 del 08/04/2022.",,PUBLIC_CONFIG_DETECTED,D:20161006 H:20161006,NOT_ACQUIRED_CURRENTNESS_UNVERIFIED,,,,,,,Verificare assenza di varianti efficaci successive e allineamento puntuale del vettore.,,,,
031021,San Pier d'Isonzo,GO,PRGC San Pier d'Isonzo,Variant 14,,,,https://irdat.regione.fvg.it/consultatore-dati-ambientali-territoriali/detail/irdat/dataset/12201,2026-09-19,12201,https://irdat.regione.fvg.it/consultatore-dati-ambientali-territoriali/detail/irdat/dataset/12201,Comune di San Pier d'Isonzo,,,IRDAT/Comune,,,12201,IRDAT_RECORD_DETAIL_INCOMPLETE,CURRENT_SOURCE_FOUND_LINEAGE_INCOMPLETE,"Piano Regolatore Generale del Comune di San Pier d'Isonzo. Piano Regolatore Generale Comunale aggiornato alla Variante n.14, adottato con delibera de C.C. n. 33 del 25.09.2020.",,PUBLIC_CONFIG_DETECTED,D:20130627 H:,NOT_ACQUIRED_CURRENTNESS_UNVERIFIED,,,,,,,Verificare assenza di varianti efficaci successive e allineamento puntuale del vettore.,,,,
031022,Savogna d'Isonzo,GO,PRGC Savogna d'Isonzo,Variant 3,APPROVED_PUBLISHED,,,https://irdat.regione.fvg.it/consultatore-dati-ambientali-territoriali/detail/irdat/dataset/12207,2026-09-19,12207,https://irdat.regione.fvg.it/consultatore-dati-ambientali-territoriali/detail/irdat/dataset/12207,Comune di Savogna d'Isonzo,,,IRDAT/Comune,,,12207,IRDAT_RECORD_DETAIL_INCOMPLETE,CURRENT_SOURCE_FOUND_LINEAGE_INCOMPLETE,Piano Regolatore Generale del Comune di Savogna d'Isonzo. Variante n.3. Adottata il 18/05/2021 con Delibera di C.C. n. 25 e approvata il 14/12/2021 con Delibera di Consiglio C. n. 38.,,PUBLIC_CONFIG_DETECTED,D:20170608 H:20170608,NOT_ACQUIRED_CURRENTNESS_UNVERIFIED,,,,,,,Verificare assenza di varianti efficaci successive e allineamento puntuale del vettore.,,,,
031023,Staranzano,GO,,,,,,https://www.comune.staranzano.go.it/media/files/md/031023/25.1_PRGC_VIGENTE_NORD.pdf,2026-09-19,,,,,,,,,,CURRENT_SOURCE_FOUND_GEOMETRY_TO_VERIFY,CURRENT_SOURCE_FOUND_LINEAGE_INCOMPLETE,"Elaborato comunale 'PRGC VIGENTE NORD', aprile 2025; verifica di varianti successive e formato vettoriale necessaria.",,STANDARD_CONFIG_NOT_DETECTED_NOT_A_NEGATIVE_PROOF,D:20121228 H:20121228,NOT_ACQUIRED_CURRENTNESS_UNVERIFIED,,,,,,,Fonte istituzionale corrente individuata; ricostruire latest effective variant e geometria/lineage prima di qualunque uso in Fase 4.,,https://www.comune.staranzano.go.it/media/files/md/031023/25.1_PRGC_VIGENTE_NORD.pdf,HTTP_OK_PDF_CURATED,e605f2df8ced646838754487a8245442f93c101fe20378ba20ebec31fd0133d2
031024,Turriaco,GO,PRGC Turriaco,20,APPROVED_EFFECTIVENESS_PUBLICATION_NOT_CLOSED,DCC 26 del 17/11/2025 - approvazione,,https://www.comune.turriaco.go.it/media/files/031024/attachment/Delibera_C.C._26_del_17.11.2025.pdf,2026-09-19,,,,,,Comune - elaborati Variante 20,PDF,,,LINEAGE_NOT_FULLY_VERIFIED,CURRENT_SOURCE_FOUND_LINEAGE_INCOMPLETE,Delibera comunale ufficiale approva la Variante 20 dopo l'adozione del 26/05/2025.,https://www.comune.turriaco.go.it/media/files/031024/attachment/Delibera_C.C._26_del_17.11.2025.pdf,STANDARD_CONFIG_NOT_DETECTED_NOT_A_NEGATIVE_PROOF,D:20170817 H:20170817,NOT_ACQUIRED_LINEAGE_INCOMPLETE,,,,,,,Non chiusa con evidenza separata la pubblicazione/efficacia finale e non verificato un vettore corrente allineato.,,https://www.comune.turriaco.go.it/media/files/031024/attachment/Delibera_C.C._26_del_17.11.2025.pdf,MATERIALIZED,3C285390B7AC0E04CC45236E01BCD9E939272806124BF45601FC10CA93283B63
031025,Villesse,GO,PRGC Villesse,Variant 3,APPROVED_PUBLISHED,,,https://irdat.regione.fvg.it/consultatore-dati-ambientali-territoriali/detail/irdat/dataset/12227,2026-09-19,12227,https://irdat.regione.fvg.it/consultatore-dati-ambientali-territoriali/detail/irdat/dataset/12227,Comune di Villesse,,,IRDAT/Comune,,,12227,IRDAT_RECORD_DETAIL_INCOMPLETE,CURRENT_SOURCE_FOUND_LINEAGE_INCOMPLETE,"Piano Regolatore Generale del Comune di Villesse - Variante 3. P.R.G.C. Adottato con Del. C.C. n. 46 del 28.11.2013, approvato con Del. C.C. n. 38 del 17.11.2014. Var. n. 1 Adottata con Del. C.C. n. 41 del 17.11.2014, approvata con Del. C.C. n. 39 del 18.12.2015. Var. n. 2 Adottata con Del. C.C. n. 27 del 24.10.2016, approvata con Del. C.C. n. 18 del 30.03.2017. Var. n. 3 Adottata con Del. C.C. n. 19 del 30.03.2017, approvata con Del. C.C. n. 30 del 19.07.2017.",,PUBLIC_CONFIG_DETECTED,D:20170824 H:20170824,NOT_ACQUIRED_CURRENTNESS_UNVERIFIED,,,,,,,Verificare assenza di varianti efficaci successive e allineamento puntuale del vettore.,,,,
032001,Duino Aurisina,TS,,,,,,https://www.comune.duino-aurisina.ts.it/it/amministrazione-trasparente-5914/pianificazione-e-governo-del-territorio-5984/pianificazione-e-governo-del-territorio-322820,2026-09-19,,,,,,,,,,CURRENT_SOURCE_FOUND_GEOMETRY_TO_VERIFY,CURRENT_SOURCE_FOUND_LINEAGE_INCOMPLETE,"Pagina comunale 'Piani vigenti' aggiornata 28/07/2026, con PRGC varianti 27 e 28; lineage puntuale da completare.",,STANDARD_CONFIG_NOT_DETECTED_NOT_A_NEGATIVE_PROOF,D:20140424 H:20140424,NOT_ACQUIRED_CURRENTNESS_UNVERIFIED,,,,,,,Fonte istituzionale corrente individuata; ricostruire latest effective variant e geometria/lineage prima di qualunque uso in Fase 4.,,https://www.comune.duino-aurisina.ts.it/it/amministrazione-trasparente-5914/pianificazione-e-governo-del-territorio-5984/pianificazione-e-governo-del-territorio-322820,HTTP_OK_KEYWORD_NOT_FOUND,3648a06688e46c98b3991fe698262b1d6115b0e1ddab553a10545ef87d9439e7
032002,Monrupino,TS,,,,,,https://www.comune.monrupino.ts.it/it/amministrazione-trasparente-3975/pianificazione-e-governo-del-territorio-4045,2026-09-19,,,,,,,,,,CURRENT_SOURCE_FOUND_GEOMETRY_TO_VERIFY,CURRENT_SOURCE_FOUND_LINEAGE_INCOMPLETE,Pagina comunale Pianificazione e governo del territorio con PRGC variante generale 7; verifica aggiornamenti successivi necessaria.,,STANDARD_CONFIG_NOT_DETECTED_NOT_A_NEGATIVE_PROOF,D:20131004 H:,NOT_ACQUIRED_CURRENTNESS_UNVERIFIED,,,,,,,Fonte istituzionale corrente individuata; ricostruire latest effective variant e geometria/lineage prima di qualunque uso in Fase 4.,,https://www.comune.monrupino.ts.it/it/amministrazione-trasparente-3975/pianificazione-e-governo-del-territorio-4045,HTTP_OK_KEYWORD_NOT_FOUND,b6cd3030d737fa340fdcdf0d6034c8c4ada0e35bd3663bbbd9797d8641f9bad6
032003,Muggia,TS,PRGC Muggia,,,,,https://irdat.regione.fvg.it/consultatore-dati-ambientali-territoriali/detail/irdat/dataset/12171,2026-09-19,12171,https://irdat.regione.fvg.it/consultatore-dati-ambientali-territoriali/detail/irdat/dataset/12171,Comune di Muggia,,,IRDAT/Comune,,,12171,IRDAT_RECORD_DETAIL_INCOMPLETE,CURRENT_SOURCE_FOUND_LINEAGE_INCOMPLETE,"Piano Regolatore Generale del Comune di Muggia - Variante urbanistica 31, aggiornamento delle NTA alla var. 36. Adottato con delibera del C.C. n. 33 del 30.06.2014. Elaborato aggiornato a seguito del D.P.Reg. n. 0123/Pres del 15.06.2016",,PUBLIC_CONFIG_DETECTED,D:20160630 H:20160630,NOT_ACQUIRED_CURRENTNESS_UNVERIFIED,,,,,,,Verificare assenza di varianti efficaci successive e allineamento puntuale del vettore.,,,,
032004,San Dorligo della Valle,TS,PRGC San Dorligo della Valle - Dolina,,APPROVED_PUBLISHED,,,https://irdat.regione.fvg.it/consultatore-dati-ambientali-territoriali/detail/irdat/dataset/12196,2026-09-19,12196,https://irdat.regione.fvg.it/consultatore-dati-ambientali-territoriali/detail/irdat/dataset/12196,Comune di San Dorligo della Valle,,,IRDAT/Comune,,,12196,IRDAT_RECORD_DETAIL_INCOMPLETE,CURRENT_SOURCE_FOUND_LINEAGE_INCOMPLETE,"Piano Regolatore Generale del Comune di San Dorligo della Valle - Dolina. Variante di livello comunale n. 31 al Piano Regolatore Generale Comunale ai sensi dell’art. 9 della L.R. 21/2015, adottata dal Consiglio Comunale con deliberazione n° 44/c dd. 31.07.2017, approvata dal Consiglio comunale con deliberazione n. 18/c dd. 03/05/2018, pubblicata sul B.U.R. n° 23 dd. 06/06/2018.",,PUBLIC_CONFIG_DETECTED,D:20160414 H:20160414,NOT_ACQUIRED_CURRENTNESS_UNVERIFIED,,,,,,,Verificare assenza di varianti efficaci successive e allineamento puntuale del vettore.,,,,
032005,Sgonico,TS,PRGC Sgonico,Variant 21,,,,https://irdat.regione.fvg.it/consultatore-dati-ambientali-territoriali/detail/irdat/dataset/12211,2026-09-19,12211,https://irdat.regione.fvg.it/consultatore-dati-ambientali-territoriali/detail/irdat/dataset/12211,Comune di Sgonico,,,IRDAT/Comune,,,12211,IRDAT_RECORD_DETAIL_INCOMPLETE,CURRENT_SOURCE_FOUND_LINEAGE_INCOMPLETE,Piano Regolatore Generale del Comune di Sgonico - Variante 21.,,PUBLIC_CONFIG_DETECTED,D:20150115 H:20150115,NOT_ACQUIRED_CURRENTNESS_UNVERIFIED,,,,,,,Verificare assenza di varianti efficaci successive e allineamento puntuale del vettore.,,,,
032006,Trieste,TS,PRGC Trieste,Variant 20,,2025-10-20,,https://www.comune.trieste.it/it/guide-223180/territorio-iu-223181/nta-norme-tecniche-di-attuazione-e-pianificazione-generale-223182,2026-09-19,12243,https://irdat.regione.fvg.it/consultatore-dati-ambientali-territoriali/detail/irdat/dataset/12243,Comune di Trieste,2024-03-19,,IRDAT/Comune,Shapefile (shp),RDN2008-TM33NE,12243,VECTOR_AVAILABLE_CURRENTNESS_NOT_VERIFIED,CURRENT_SOURCE_FOUND_LINEAGE_INCOMPLETE,Pagina comunale del PRGC vigente e accesso alla consultazione interattiva; stato puntuale delle varianti da ricostruire dagli atti,https://www.comune.trieste.it/it/guide-223180/territorio-iu-223181/nta-norme-tecniche-di-attuazione-e-pianificazione-generale-223182,PUBLIC_CONFIG_DETECTED,D:20170511 H:20170511,NOT_ACQUIRED_CURRENTNESS_UNVERIFIED,,,,,,,Verificare assenza di varianti efficaci successive e allineamento puntuale del vettore.,,,,
093001,Andreis,PN,PRGC Andreis,Variant 7,APPROVED_PUBLISHED,,,https://irdat.regione.fvg.it/consultatore-dati-ambientali-territoriali/detail/irdat/dataset/12111,2026-09-19,12111,https://irdat.regione.fvg.it/consultatore-dati-ambientali-territoriali/detail/irdat/dataset/12111,Comune di Andreis,,,IRDAT/Comune,,,12111,IRDAT_RECORD_DETAIL_INCOMPLETE,CURRENT_SOURCE_FOUND_LINEAGE_INCOMPLETE,Piano Regolatore Generale del Comune di Andreis. Variante n. 7 Pubblicazione sul B.U.R. n.19m del 8.5.2019.,,PUBLIC_CONFIG_DETECTED,D: H:,NOT_ACQUIRED_CURRENTNESS_UNVERIFIED,,,,,,,Verificare assenza di varianti efficaci successive e allineamento puntuale del vettore.,,,,
093002,Arba,PN,PRGC Arba,26,VIGENTE,DCC 3 del 25/01/2024 - approvazione,In vigore dal 08/02/2024 secondo documento comunale,https://www.comune.arba.pn.it/media/files/093002/attachment/DUP_2025_2027.pdf,2026-09-19,,,,,,Nessun vettore ufficiale corrente acquisito,NONE,,,CURRENT_PLAN_VERIFIED_NO_VECTOR,CURRENT_PLAN_VERIFIED_NO_VECTOR,"DUP comunale corrente elenca tra gli strumenti vigenti la Variante 26, approvata il 25/01/2024 e in vigore dal 08/02/2024; segnala solo nuovi incarichi per future varianti.",https://www.comune.arba.pn.it/media/files/093002/attachment/DUP_2025_2027.pdf,STANDARD_CONFIG_NOT_DETECTED_NOT_A_NEGATIVE_PROOF,D:20161103 H:,NOT_ACQUIRED_NO_CURRENT_VECTOR_FOUND,,,,,,,Vigenza del piano chiusa; resta da acquisire una geometria vettoriale ufficiale corrente o documentare percorso alternativo in fase successiva.,,https://www.comune.arba.pn.it/media/files/093002/attachment/DUP_2025_2027.pdf,MATERIALIZED,69011D81AEDF518996F48E8BED44232222B90EDA231A07A45237FCE538CA2A4E
093004,Aviano,PN,PRGC Aviano,Variant 84,APPROVED_PUBLISHED,,,https://irdat.regione.fvg.it/consultatore-dati-ambientali-territoriali/detail/irdat/dataset/12122,2026-09-19,12122,https://irdat.regione.fvg.it/consultatore-dati-ambientali-territoriali/detail/irdat/dataset/12122,Comune di Aviano,,,IRDAT/Comune,,,12122,IRDAT_RECORD_DETAIL_INCOMPLETE,CURRENT_SOURCE_FOUND_LINEAGE_INCOMPLETE,"Piano Regolatore Generale del Comune di Aviano, aggiornato alla Variante n. 84, adottato con delibera di Consiglio Comunale n. 47 del 19/11/2021, approvata con delibera del Consiglio Comunale n. 57 del 28/12/2021.",,PUBLIC_CONFIG_DETECTED,D:20170112 H:20170112,NOT_ACQUIRED_CURRENTNESS_UNVERIFIED,,,,,,,Verificare assenza di varianti efficaci successive e allineamento puntuale del vettore.,,,,
093005,Azzano Decimo,PN,PRGC Azzano Decimo,Variant 2040,APPROVED_PUBLISHED,,,https://irdat.regione.fvg.it/consultatore-dati-ambientali-territoriali/detail/irdat/dataset/12123,2026-09-19,12123,https://irdat.regione.fvg.it/consultatore-dati-ambientali-territoriali/detail/irdat/dataset/12123,Comune di Azzano Decimo,,,IRDAT/Comune,,,12123,IRDAT_RECORD_DETAIL_INCOMPLETE,CURRENT_SOURCE_FOUND_LINEAGE_INCOMPLETE,"Piano Regolatore Generale del Comune di Azzano Decimo, variante 2040 . Norme tecniche coordinate al DPGR n.051/Pres del 13 marzo 2023, in conformità al parere n.05/23 del 27 febbraio 2023 del Direttore del Servizio Pianificazione Paesaggistica Territoriale e Strategica. Conferma dell’esecutività della delibera Consiliare comunale n.10 del 09 aprile 2022 ed integrata con delibera Consiliare n. 56 del 23 novembre 2022. Pubblicato sul BUR n.13 del 20 marzo 2023. Entrata in vigore della variante generale al P.R.G.C. denominata “PRG 2040 Nuovo Piano Regolatore Comunale” in data 30 marzo 2023.",,PUBLIC_CONFIG_DETECTED,D:20170105 H:20170105,NOT_ACQUIRED_CURRENTNESS_UNVERIFIED,,,,,,,Verificare assenza di varianti efficaci successive e allineamento puntuale del vettore.,,,,
093006,Barcis,PN,PRGC Barcis,22,OFFICIAL_VARIANT_DOCUMENT_FOUND,,,https://www.comune.barcis.pn.it/media/files/093006/attachment/22_R_URB_1_A_relazione_illustrativa.pdf,2026-09-19,,,,,,Comune - elaborati Variante 22,PDF,,,LINEAGE_NOT_FULLY_VERIFIED,CURRENT_SOURCE_FOUND_LINEAGE_INCOMPLETE,Relazione comunale ufficiale della Variante 22.,https://www.comune.barcis.pn.it/media/files/093006/attachment/22_R_URB_1_A_relazione_illustrativa.pdf,STANDARD_CONFIG_NOT_DETECTED_NOT_A_NEGATIVE_PROOF,D:20151001 H:,NOT_ACQUIRED_LINEAGE_INCOMPLETE,,,,,,,Non chiusa la sequenza di approvazione/efficacia e l'assenza di varianti successive; vettore corrente non verificato.,,https://www.comune.barcis.pn.it/media/files/093006/attachment/22_R_URB_1_A_relazione_illustrativa.pdf,MATERIALIZED,586A6519FEEDE75370B55617725506C89DFAF09697852203BAFD83274E24F165
093007,Brugnera,PN,,,,,,https://www.comune.brugnera.pn.it/it/amministrazione-111716/aree-amministrative-111717/gestione-del-territorio-111625,2026-09-19,,,,,,,,,,CURRENT_SOURCE_FOUND_GEOMETRY_TO_VERIFY,CURRENT_SOURCE_FOUND_LINEAGE_INCOMPLETE,Pagina comunale Gestione del territorio aggiornata 17/11/2025 con collegamento alle tavole del piano regolatore.,,STANDARD_CONFIG_NOT_DETECTED_NOT_A_NEGATIVE_PROOF,D:20150423 H:20150423,NOT_ACQUIRED_CURRENTNESS_UNVERIFIED,,,,,,,Fonte istituzionale corrente individuata; ricostruire latest effective variant e geometria/lineage prima di qualunque uso in Fase 4.,,https://www.comune.brugnera.pn.it/it/amministrazione-111716/aree-amministrative-111717/gestione-del-territorio-111625,HTTP_OK_KEYWORD_NOT_FOUND,99c4b60d28c446b694ef001273fb77c3483dcc58a1eb113c5ea12b3a0d3f6444
093008,Budoia,PN,PRGC Budoia,Variant 13,APPROVED_PUBLISHED,,,https://irdat.regione.fvg.it/consultatore-dati-ambientali-territoriali/detail/irdat/dataset/12127,2026-09-19,12127,https://irdat.regione.fvg.it/consultatore-dati-ambientali-territoriali/detail/irdat/dataset/12127,Comune di Budoia,,,IRDAT/Comune,,,12127,IRDAT_RECORD_DETAIL_INCOMPLETE,CURRENT_SOURCE_FOUND_LINEAGE_INCOMPLETE,Piano Regolatore Generale del Comune di Budoia aggiornato alla Variante n.13. Approvata con delibera di C.C. n. 12 del 04.02.2021. Esecutività D.P.Reg. n. 052/Pres. del 12.04.2021. Pubblicazione sul B.U.R. 28 aprile 2021.,,PUBLIC_CONFIG_DETECTED,D:20140821 H:20140821,NOT_ACQUIRED_CURRENTNESS_UNVERIFIED,,,,,,,Verificare assenza di varianti efficaci successive e allineamento puntuale del vettore.,,,,
093009,Caneva,PN,PRGC Caneva,Variant 30,APPROVED_PUBLISHED,,,https://irdat.regione.fvg.it/consultatore-dati-ambientali-territoriali/detail/irdat/dataset/12132,2026-09-19,12132,https://irdat.regione.fvg.it/consultatore-dati-ambientali-territoriali/detail/irdat/dataset/12132,Comune di Caneva,,,IRDAT/Comune,,,12132,IRDAT_RECORD_DETAIL_INCOMPLETE,CURRENT_SOURCE_FOUND_LINEAGE_INCOMPLETE,Piano Regolatore Generale del Comune di Caneva - Variante 30. Conformazione al Piano Paesaggistico Regionale Adottata con D.C.C. n. 37 del 23.11.2023 Approvata con D.C.C. n. 34 del 29.07.2024 Conferma di esecutività con D.G.R. n. 1970 del 20.12.2024 Pubblicazione sul B.U.R. n. 1 del 02.01.2025,,PUBLIC_CONFIG_DETECTED,D:20160721 H:20160721,NOT_ACQUIRED_CURRENTNESS_UNVERIFIED,,,,,,,Verificare assenza di varianti efficaci successive e allineamento puntuale del vettore.,,,,
093010,Casarsa della Delizia,PN,PRGC Casarsa della Delizia,Variant 40,APPROVED_PUBLISHED,,,https://irdat.regione.fvg.it/consultatore-dati-ambientali-territoriali/detail/irdat/dataset/12344,2026-09-19,12344,https://irdat.regione.fvg.it/consultatore-dati-ambientali-territoriali/detail/irdat/dataset/12344,Comune di Casarsa della Delizia,,,IRDAT/Comune,,,12344,IRDAT_RECORD_DETAIL_INCOMPLETE,CURRENT_SOURCE_FOUND_LINEAGE_INCOMPLETE,Piano regolatore del Comune di Casarsa della Delizia aggiornato alla Variante n.40. Adottata con Delibera del C.C. n. 47 del 25.09.2023 e approvata con delibera del C.C. n. 59 del 27.11.2023. Pubblicazione sul B.U.R. n. 4 del 21.01.2024,,PUBLIC_CONFIG_DETECTED,D:20170119 H:20170119,NOT_ACQUIRED_CURRENTNESS_UNVERIFIED,,,,,,,Verificare assenza di varianti efficaci successive e allineamento puntuale del vettore.,,,,
093011,Castelnovo del Friuli,PN,PRGC Castelnovo del Friuli,Variant 7,APPROVED_PUBLISHED,,,https://irdat.regione.fvg.it/consultatore-dati-ambientali-territoriali/detail/irdat/dataset/12135,2026-09-19,12135,https://irdat.regione.fvg.it/consultatore-dati-ambientali-territoriali/detail/irdat/dataset/12135,Comune di Castelnovo del Friuli,,,IRDAT/Comune,,,12135,IRDAT_RECORD_DETAIL_INCOMPLETE,CURRENT_SOURCE_FOUND_LINEAGE_INCOMPLETE,Piano Regolatore Generale del Comune di Castelnovo del Friuli - Variante n.7. La variante è stata adottata in Consiglio Comunale con Delibera n. 12 del 22/04/2025 e approvata con Delibera n. 20 del 30/07/2025.,,PUBLIC_CONFIG_DETECTED,D:20160414 H:,NOT_ACQUIRED_CURRENTNESS_UNVERIFIED,,,,,,,Verificare assenza di varianti efficaci successive e allineamento puntuale del vettore.,,,,
093012,Cavasso Nuovo,PN,PRGC Cavasso Nuovo,Variant 12,APPROVED_PUBLISHED,,,https://irdat.regione.fvg.it/consultatore-dati-ambientali-territoriali/detail/irdat/dataset/12137,2026-09-19,12137,https://irdat.regione.fvg.it/consultatore-dati-ambientali-territoriali/detail/irdat/dataset/12137,Comune di Cavasso Nuovo,,,IRDAT/Comune,,,12137,IRDAT_RECORD_DETAIL_INCOMPLETE,CURRENT_SOURCE_FOUND_LINEAGE_INCOMPLETE,"Piano Regolatore Generale del Comune di Cavasso Nuovo Variante n.12, adottata con deliberazione C.C n. 19 del 30/05/2017 ed approvata con delibera del C.C. n. 38 del 26/09/2017.",,PUBLIC_CONFIG_DETECTED,D:20160602 H:20160602,NOT_ACQUIRED_CURRENTNESS_UNVERIFIED,,,,,,,Verificare assenza di varianti efficaci successive e allineamento puntuale del vettore.,,,,
093013,Chions,PN,PRGC Chions,Variant 57,APPROVED_PUBLISHED,,BUR n. 31 del 02.08.2023,https://irdat.regione.fvg.it/consultatore-dati-ambientali-territoriali/detail/irdat/dataset/12140,2026-09-19,12140,https://irdat.regione.fvg.it/consultatore-dati-ambientali-territoriali/detail/irdat/dataset/12140,Comune di Chions,,,IRDAT/Comune,,,12140,IRDAT_RECORD_DETAIL_INCOMPLETE,CURRENT_SOURCE_FOUND_LINEAGE_INCOMPLETE,Piano Regolatore Generale del Comune di Chions. Variante n. 56 al PRGC. Adozione: D.C.C. n°26 del 17.07.2023 pubblicazione sul BUR n°31 del 02.08.2023. Approvazione: D.C.C. n°41 del 28.09.2023 pubblicazione sul BUR n°42 del 18.10.2023. Entrata in vigore: 19/10/2023. Variante n. 57 al PRGC. Adozione: D.C.C. n°2 del 14.03.2024 pubblicazione sul BUR n°13 del 27.03.2024. Approvazione: D.C.C. n°28 del 26.07.2024 pubblicazione sul BUR n°32 del 07.08.2024. Entrata in vigore: 08/08/2024.,,PUBLIC_CONFIG_DETECTED,D:20160901 H:20160901,NOT_ACQUIRED_CURRENTNESS_UNVERIFIED,,,,,,,Verificare assenza di varianti efficaci successive e allineamento puntuale del vettore.,,,,
093014,Cimolais,PN,PRGC Cimolais,16B,OFFICIAL_EXECUTIVE_PLAN_DOCUMENT_FOUND,,,https://www.comune.cimolais.pn.it/media/files/md/093014/16B_Norme_tecniche_di_attuazione.pdf,2026-09-19,,,,,,Comune - NTA Variante 16B,PDF,,,LINEAGE_NOT_FULLY_VERIFIED,CURRENT_SOURCE_FOUND_LINEAGE_INCOMPLETE,"NTA comunali della Variante 16B, indicate come testo coordinato - esecutivita.",https://www.comune.cimolais.pn.it/media/files/md/093014/16B_Norme_tecniche_di_attuazione.pdf,STANDARD_CONFIG_NOT_DETECTED_NOT_A_NEGATIVE_PROOF,D:20170928 H:,NOT_ACQUIRED_LINEAGE_INCOMPLETE,,,,,,,La fonte non dimostra che 16B sia ancora l'ultima variante efficace al 2026; vettore corrente non verificato.,,https://www.comune.cimolais.pn.it/media/files/md/093014/16B_Norme_tecniche_di_attuazione.pdf,MATERIALIZED,32B556C40418B7A6247DC96622CA07F2B2222502C77F769B00F7377716DDC0AA
093015,Claut,PN,PRGC Claut,21,APPROVED,Avviso approvazione pubblicato 02/08/2024,,https://www.comune.claut.pn.it/it/novita-103324/notizie-103325/approvazione-della-variante-non-sostanziale-n-21-alle-norme-di-attuazione-del-piano-regolatore-generale-ai-sensi-della-lr-52007-art-63-sexies-126068,2026-09-19,,,,,,Comune - elaborati PRGC,PDF/WEB,,,LINEAGE_NOT_FULLY_VERIFIED,CURRENT_SOURCE_FOUND_LINEAGE_INCOMPLETE,Pagina comunale ufficiale documenta approvazione della Variante 21 alle NTA.,https://www.comune.claut.pn.it/it/novita-103324/notizie-103325/approvazione-della-variante-non-sostanziale-n-21-alle-norme-di-attuazione-del-piano-regolatore-generale-ai-sensi-della-lr-52007-art-63-sexies-126068,STANDARD_CONFIG_NOT_DETECTED_NOT_A_NEGATIVE_PROOF,D:20160602 H:,NOT_ACQUIRED_LINEAGE_INCOMPLETE,,,,,,,Non dimostrata l'assenza di varianti efficaci successive al 2024 e non verificato un vettore corrente allineato.,,https://www.comune.claut.pn.it/it/novita-103324/notizie-103325/approvazione-della-variante-non-sostanziale-n-21-alle-norme-di-attuazione-del-piano-regolatore-generale-ai-sensi-della-lr-52007-art-63-sexies-126068,MATERIALIZED,B6CD3030D737FA340FDCDF0D6034C8C4ADA0E35BD3663BBBD9797D8641F9BAD6
093016,Clauzetto,PN,PRGC Clauzetto,,,,,https://irdat.regione.fvg.it/consultatore-dati-ambientali-territoriali/detail/irdat/dataset/12141,2026-09-19,12141,https://irdat.regione.fvg.it/consultatore-dati-ambientali-territoriali/detail/irdat/dataset/12141,Comune di Clauzetto,,,IRDAT/Comune,,,12141,IRDAT_RECORD_DETAIL_INCOMPLETE,CURRENT_SOURCE_FOUND_LINEAGE_INCOMPLETE,piano regolatore del Comune di Clauzetto,,PUBLIC_CONFIG_DETECTED,D:20151008 H:,NOT_ACQUIRED_CURRENTNESS_UNVERIFIED,,,,,,,Verificare assenza di varianti efficaci successive e allineamento puntuale del vettore.,,,,
093017,Cordenons,PN,PRGC Cordenons,45,VIGENTE,,,https://www.comune.cordenons.pn.it/it/amministrazione-31891/documenti-e-dati-31927/documenti-tecnici-di-supporto-31943/piano-regolatore-generale-comunale-prgc-107911,2026-09-19,,,,,,Comune - elaborati PDF PRGC vigente,PDF,,,CURRENT_PLAN_VERIFIED_NO_VECTOR,CURRENT_PLAN_VERIFIED_NO_VECTOR,Pagina comunale aggiornata il 28/05/2026 dichiara i documenti del PRGC vigente e colloca nella sezione vigente le Varianti 45 e 43.,https://www.comune.cordenons.pn.it/it/amministrazione-31891/documenti-e-dati-31927/documenti-tecnici-di-supporto-31943/piano-regolatore-generale-comunale-prgc-107911,STANDARD_CONFIG_NOT_DETECTED_NOT_A_NEGATIVE_PROOF,D:20161208 H:,NOT_ACQUIRED_NO_CURRENT_VECTOR_FOUND,,,,,,,Piano corrente verificato; non e stato acquisito un vettore ufficiale corrente riutilizzabile/allineato.,,https://www.comune.cordenons.pn.it/it/amministrazione-31891/documenti-e-dati-31927/documenti-tecnici-di-supporto-31943/piano-regolatore-generale-comunale-prgc-107911,MATERIALIZED,99C4B60D28C446B694EF001273FB77C3483DCC58A1EB113C5EA12B3A0D3F6444
093018,Cordovado,PN,PRGC Cordovado,,,,,https://irdat.regione.fvg.it/consultatore-dati-ambientali-territoriali/detail/irdat/dataset/12144,2026-09-19,12144,https://irdat.regione.fvg.it/consultatore-dati-ambientali-territoriali/detail/irdat/dataset/12144,Comune di Cordovado,,,IRDAT/Comune,,,12144,IRDAT_RECORD_DETAIL_INCOMPLETE,CURRENT_SOURCE_FOUND_LINEAGE_INCOMPLETE,piano regolatore del Comune di Cordovado,,PUBLIC_CONFIG_DETECTED,D:20160421 H:20160421,NOT_ACQUIRED_CURRENTNESS_UNVERIFIED,,,,,,,Verificare assenza di varianti efficaci successive e allineamento puntuale del vettore.,,,,
093019,Erto e Casso,PN,PRGC Erto e Casso,,,,,https://irdat.regione.fvg.it/consultatore-dati-ambientali-territoriali/detail/irdat/dataset/12149,2026-09-19,12149,https://irdat.regione.fvg.it/consultatore-dati-ambientali-territoriali/detail/irdat/dataset/12149,Comune di Erto e Casso,,,IRDAT/Comune,,,12149,IRDAT_RECORD_DETAIL_INCOMPLETE,CURRENT_SOURCE_FOUND_LINEAGE_INCOMPLETE,piano regolatore del Comune di Erto e Casso,,PUBLIC_CONFIG_DETECTED,D:20180308 H:,NOT_ACQUIRED_CURRENTNESS_UNVERIFIED,,,,,,,Verificare assenza di varianti efficaci successive e allineamento puntuale del vettore.,,,,
093020,Fanna,PN,PRGC Fanna,Variant 7,,,,https://irdat.regione.fvg.it/consultatore-dati-ambientali-territoriali/detail/irdat/dataset/12290,2026-09-19,12290,https://irdat.regione.fvg.it/consultatore-dati-ambientali-territoriali/detail/irdat/dataset/12290,Comune di Fanna,,,IRDAT/Comune,,,12290,IRDAT_RECORD_DETAIL_INCOMPLETE,CURRENT_SOURCE_FOUND_LINEAGE_INCOMPLETE,"Variante n. 7 al Piano regolatore generale comunale di conformazione al Piano paesaggistico regionale. Ai sensi e per gli effetti dell’art. 63 bis, co. 9, della L.R. 5/2007 e successive modifiche ed integrazioni con deliberazione consiliare n. 28 dell’11 ottobre 2024, è stata adottata la variante n. 7 al Piano regolatore generale comunale.",,PUBLIC_CONFIG_DETECTED,D:20131219 H:20131219,NOT_ACQUIRED_CURRENTNESS_UNVERIFIED,,,,,,,Verificare assenza di varianti efficaci successive e allineamento puntuale del vettore.,,,,
093021,Fiume Veneto,PN,PRGC Fiume Veneto,Variant 73,APPROVED_PUBLISHED,,,https://irdat.regione.fvg.it/consultatore-dati-ambientali-territoriali/detail/irdat/dataset/12152,2026-09-19,12152,https://irdat.regione.fvg.it/consultatore-dati-ambientali-territoriali/detail/irdat/dataset/12152,Comune di Fiume Veneto,,,IRDAT/Comune,,,12152,IRDAT_RECORD_DETAIL_INCOMPLETE,CURRENT_SOURCE_FOUND_LINEAGE_INCOMPLETE,Piano regolatore del Comune di Fiume Veneto. Variante n. 73 al PRGC approvata con Delibera del C.C. n. 63 del 29.07.2021,,PUBLIC_CONFIG_DETECTED,D:20171005 H:20171005,NOT_ACQUIRED_CURRENTNESS_UNVERIFIED,,,,,,,Verificare assenza di varianti efficaci successive e allineamento puntuale del vettore.,,,,
093022,Fontanafredda,PN,PRGC Fontanafredda,Variant 40,APPROVED_PUBLISHED,,,https://irdat.regione.fvg.it/consultatore-dati-ambientali-territoriali/detail/irdat/dataset/12237,2026-09-19,12237,https://irdat.regione.fvg.it/consultatore-dati-ambientali-territoriali/detail/irdat/dataset/12237,Comune di Fontanafredda,,,IRDAT/Comune,,,12237,IRDAT_RECORD_DETAIL_INCOMPLETE,CURRENT_SOURCE_FOUND_LINEAGE_INCOMPLETE,Piano Regolatore Generale del Comune di Fontanafredda . Variante n. 40 al P.R.G.C. approvata con Delibera del Consiglio Comunale n. 43 del 06.06.2016.,,PUBLIC_CONFIG_DETECTED,D:20171012 H:20171012,NOT_ACQUIRED_CURRENTNESS_UNVERIFIED,,,,,,,Verificare assenza di varianti efficaci successive e allineamento puntuale del vettore.,,,,
093024,Frisanco,PN,PRGC Frisanco,,,,,https://irdat.regione.fvg.it/consultatore-dati-ambientali-territoriali/detail/irdat/dataset/12158,2026-09-19,12158,https://irdat.regione.fvg.it/consultatore-dati-ambientali-territoriali/detail/irdat/dataset/12158,Comune di Frisanco,,,IRDAT/Comune,,,12158,IRDAT_RECORD_DETAIL_INCOMPLETE,CURRENT_SOURCE_FOUND_LINEAGE_INCOMPLETE,Piano Regolatore Generale del Comune di Frisanco - Variante adeguamento,,PUBLIC_CONFIG_DETECTED,D:20160714 H:20160714,NOT_ACQUIRED_CURRENTNESS_UNVERIFIED,,,,,,,Verificare assenza di varianti efficaci successive e allineamento puntuale del vettore.,,,,
093025,Maniago,PN,PRGC Maniago,Variant 57,APPROVED_PUBLISHED,,,https://irdat.regione.fvg.it/consultatore-dati-ambientali-territoriali/detail/irdat/dataset/12359,2026-09-19,12359,https://irdat.regione.fvg.it/consultatore-dati-ambientali-territoriali/detail/irdat/dataset/12359,Comune di Maniago,,,IRDAT/Comune,,,12359,IRDAT_RECORD_DETAIL_INCOMPLETE,CURRENT_SOURCE_FOUND_LINEAGE_INCOMPLETE,"piano regolatore del Comune di Maniago variante 57, approvata con Delibera di Consiglio Comunale n. 28 del 16/05/2026",,PUBLIC_CONFIG_DETECTED,D:20160915 H:20160915,NOT_ACQUIRED_CURRENTNESS_UNVERIFIED,,,,,,,Verificare assenza di varianti efficaci successive e allineamento puntuale del vettore.,,,,
093026,Meduno,PN,PRGC Meduno,,,,,https://irdat.regione.fvg.it/consultatore-dati-ambientali-territoriali/detail/irdat/dataset/12165,2026-09-19,12165,https://irdat.regione.fvg.it/consultatore-dati-ambientali-territoriali/detail/irdat/dataset/12165,Comune di Meduno,,,IRDAT/Comune,,,12165,IRDAT_RECORD_DETAIL_INCOMPLETE,CURRENT_SOURCE_FOUND_LINEAGE_INCOMPLETE,piano regolatore del Comune di Meduno,,PUBLIC_CONFIG_DETECTED,D:20171221 H:,NOT_ACQUIRED_CURRENTNESS_UNVERIFIED,,,,,,,Verificare assenza di varianti efficaci successive e allineamento puntuale del vettore.,,,,
093027,Montereale Valcellina,PN,PRGC Montereale Valcellina,Variant 19,APPROVED_PUBLISHED,,,https://irdat.regione.fvg.it/consultatore-dati-ambientali-territoriali/detail/irdat/dataset/12169,2026-09-19,12169,https://irdat.regione.fvg.it/consultatore-dati-ambientali-territoriali/detail/irdat/dataset/12169,Comune di Montereale Valcellina,,,IRDAT/Comune,,,12169,IRDAT_RECORD_DETAIL_INCOMPLETE,CURRENT_SOURCE_FOUND_LINEAGE_INCOMPLETE,"Piano Regolatore Generale del Comune di Montereale Valcellina. Variante n. 19 al PRGC approvata con deliberazione del Consiglio comunale n.32 del 26 settembre 2019. Per la ricerca di eventuali vincoli (ZPS, SIC e prati stabili) si rinvia alle specifiche cartografie regionali, desumibili dal sito istituzionale.",,PUBLIC_CONFIG_DETECTED,D:20130110 H:20130110,NOT_ACQUIRED_CURRENTNESS_UNVERIFIED,,,,,,,Verificare assenza di varianti efficaci successive e allineamento puntuale del vettore.,,,,
093028,Morsano al Tagliamento,PN,PRGC Morsano al Tagliamento,Variant 23,,,,https://irdat.regione.fvg.it/consultatore-dati-ambientali-territoriali/detail/irdat/dataset/12170,2026-09-19,12170,https://irdat.regione.fvg.it/consultatore-dati-ambientali-territoriali/detail/irdat/dataset/12170,Comune di Morsano al Tagliamento,,,IRDAT/Comune,,,12170,IRDAT_RECORD_DETAIL_INCOMPLETE,CURRENT_SOURCE_FOUND_LINEAGE_INCOMPLETE,Piano Regolatore Generale del Comune di Morsano al Tagliamento - Varianti 23 e 24. Variante n. 23 adottata con delibera del Commissario straordinario con i poteri del Consiglio Comunale n.47 del 19.12.2018.,,STANDARD_CONFIG_NOT_DETECTED_NOT_A_NEGATIVE_PROOF,D:20150528 H:20150528,NOT_ACQUIRED_CURRENTNESS_UNVERIFIED,,,,,,,Verificare assenza di varianti efficaci successive e allineamento puntuale del vettore.,,,,
093029,Pasiano di Pordenone,PN,PRGC Pasiano di Pordenone,Variant 23,APPROVED_PUBLISHED,,,https://irdat.regione.fvg.it/consultatore-dati-ambientali-territoriali/detail/irdat/dataset/12177,2026-09-19,12177,https://irdat.regione.fvg.it/consultatore-dati-ambientali-territoriali/detail/irdat/dataset/12177,Comune di Pasiano di Pordenone,,,IRDAT/Comune,,,12177,IRDAT_RECORD_DETAIL_INCOMPLETE,CURRENT_SOURCE_FOUND_LINEAGE_INCOMPLETE,"Piano Regolatore Generale del Comune di Pasiano di Pordenone. Piano Regolatore Generale Comunale aggiornato alla Variante n.23, approvata con delibera di C.C. n.47 del 27/09/2021.",,PUBLIC_CONFIG_DETECTED,D:20171207 H:20171207,NOT_ACQUIRED_CURRENTNESS_UNVERIFIED,,,,,,,Verificare assenza di varianti efficaci successive e allineamento puntuale del vettore.,,,,
093030,Pinzano al Tagliamento,PN,PRGC Pinzano al Tagliamento,Variant 11,APPROVED_PUBLISHED,,,https://irdat.regione.fvg.it/consultatore-dati-ambientali-territoriali/detail/irdat/dataset/12232,2026-09-19,12232,https://irdat.regione.fvg.it/consultatore-dati-ambientali-territoriali/detail/irdat/dataset/12232,Comune di Pinzano al Tagliamento,,,IRDAT/Comune,,,12232,IRDAT_RECORD_DETAIL_INCOMPLETE,CURRENT_SOURCE_FOUND_LINEAGE_INCOMPLETE,Piano Regolatore Generale del Comune di Pinzano al Tagliamento aggiornato alla Variante n.11. Approvata con Delibera di C.C. n. 09 del 02.03.2018 (B.U.R. n. 13 del 28/03/2018).,,STANDARD_CONFIG_NOT_DETECTED_NOT_A_NEGATIVE_PROOF,D:20160818 H:,NOT_ACQUIRED_CURRENTNESS_UNVERIFIED,,,,,,,Verificare assenza di varianti efficaci successive e allineamento puntuale del vettore.,,,,
093031,Polcenigo,PN,PRGC Polcenigo,Variant 26,,-,,https://www.comune.polcenigo.pn.it/it/amministrazione-trasparente-54903/pianificazione-e-governo-del-territorio-54976/variante-n30-al-prgc-247428,2026-09-19,12178,https://irdat.regione.fvg.it/consultatore-dati-ambientali-territoriali/detail/irdat/dataset/12178,Comune di Polcenigo,2024-03-18,,IRDAT/Comune,Shapefile (shp),RDN2008-TM33NE,12178,VECTOR_AVAILABLE_CURRENTNESS_NOT_VERIFIED,CURRENT_SOURCE_FOUND_LINEAGE_INCOMPLETE,Variante 30 approvata DCC 62 del 14/12/2023 e pubblicata BUR 03/01/2024; elaborati documentano modifiche di zonizzazione/perimetro,https://www.comune.polcenigo.pn.it/it/amministrazione-trasparente-54903/pianificazione-e-governo-del-territorio-54976/variante-n30-al-prgc-247428,PUBLIC_CONFIG_DETECTED,D:20151224 H:20151224,NOT_ACQUIRED_CURRENTNESS_UNVERIFIED,,,,,,,Verificare assenza di varianti efficaci successive e allineamento puntuale del vettore.,,,,
093032,Porcia,PN,PRGC Porcia,26,VIGENTE,Variante 26 definitivamente approvata con DCC 22 del 04/04/2013,,https://www.comune.porcia.pn.it/it/amministrazione-90420/documenti-e-dati-90439/documenti-tecnici-di-supporto-90446/piano-regolatore-generale-vigente-var-14-e-successive-varianti-di-dettaglio-122823,2026-09-19,,,,,,Comune - mappe PDF vigenti,PDF,,,CURRENT_PLAN_VERIFIED_NO_VECTOR,CURRENT_PLAN_VERIFIED_NO_VECTOR,Pagina comunale aggiornata il 16/03/2026 definisce la Variante 26 come Piano regolatore attualmente vigente e pubblica NTA e mappe vigenti.,https://www.comune.porcia.pn.it/it/amministrazione-90420/documenti-e-dati-90439/documenti-tecnici-di-supporto-90446/piano-regolatore-generale-vigente-var-14-e-successive-varianti-di-dettaglio-122823,STANDARD_CONFIG_NOT_DETECTED_NOT_A_NEGATIVE_PROOF,D:20160303 H:20160303,NOT_ACQUIRED_NO_CURRENT_VECTOR_FOUND,,,,,,,Piano corrente verificato; non acquisito un vettore ufficiale corrente.,,https://www.comune.porcia.pn.it/it/amministrazione-90420/documenti-e-dati-90439/documenti-tecnici-di-supporto-90446/piano-regolatore-generale-vigente-var-14-e-successive-varianti-di-dettaglio-122823,MATERIALIZED,B6CD3030D737FA340FDCDF0D6034C8C4ADA0E35BD3663BBBD9797D8641F9BAD6
093033,Pordenone,PN,PRGC Pordenone,PRGC vigente + varianti puntuali fino a procedimenti 2026,CURRENT_PORTAL_WITH_APPROVED_AND_ADOPTED_VARIANTS,PRGC generale approvato DCC 12 del 26/04/2021; varianti successive presenti,"DPR 0174/Pres 11/10/2021, BUR 43 del 27/10/2021 per variante generale; ulteriori varianti separate",https://www.comune.pordenone.it/it/servizi-online/prgc-online,2026-09-19,,,,,,Comune - cartografia dinamica/PDF,WEBGIS/PDF,,,LINEAGE_NOT_FULLY_VERIFIED,CURRENT_SOURCE_FOUND_LINEAGE_INCOMPLETE,Portale comunale corrente distingue PRGC VIGENTE e varianti; documenta anche varianti 35 e 37 in adozione nel 2026 e variante 24 approvata/pubblicata nel 2025.,https://www.comune.pordenone.it/it/servizi-online/prgc-online,STANDARD_CONFIG_NOT_DETECTED_NOT_A_NEGATIVE_PROOF,D:20180215 H:20180215,NOT_ACQUIRED_LINEAGE_INCOMPLETE,,,,,,,Serve ricostruire quale insieme di varianti puntuali approvate costituisca esattamente lo stato efficace al 19/09/2026 e verificare esportabilita/allineamento del vettore.,,https://www.comune.pordenone.it/it/servizi-online/prgc-online,MATERIALIZED,61398897DCAB0D00DEAD5903D127C16C2096D1D61834AEBDFC294AF23BFF009B
093034,Prata di Pordenone,PN,PRGC Prata di Pordenone,,APPROVED_PUBLISHED,,,https://irdat.regione.fvg.it/consultatore-dati-ambientali-territoriali/detail/irdat/dataset/12319,2026-09-19,12319,https://irdat.regione.fvg.it/consultatore-dati-ambientali-territoriali/detail/irdat/dataset/12319,Comune di Prata di Pordenone,,,IRDAT/Comune,,,12319,IRDAT_RECORD_DETAIL_INCOMPLETE,CURRENT_SOURCE_FOUND_LINEAGE_INCOMPLETE,Piano regolatore del Comune di Prata di Pordenone. Variante puntuale n. 53 approvata con Delibera di C.C. n. 90 del 29.12.2023. Variante puntuale n. 55 approvata con Delibera di C.C. n. 53 del 27.11.2024.,,PUBLIC_CONFIG_DETECTED,D:20170525 H:20170525,NOT_ACQUIRED_CURRENTNESS_UNVERIFIED,,,,,,,Verificare assenza di varianti efficaci successive e allineamento puntuale del vettore.,,,,
093035,Pravisdomini,PN,,,,,,https://www.comune.pravisdomini.pn.it/,2026-09-19,,,,,,,,,,CURRENT_SOURCE_FOUND_GEOMETRY_TO_VERIFY,CURRENT_SOURCE_FOUND_LINEAGE_INCOMPLETE,Home comunale corrente: avviso deposito variante 32 adottata DCC 20/29-07-2026; vigente precedente da ricostruire.,,STANDARD_CONFIG_NOT_DETECTED_NOT_A_NEGATIVE_PROOF,D:20170824 H:20170824,NOT_ACQUIRED_CURRENTNESS_UNVERIFIED,,,,,,,Fonte istituzionale corrente individuata; ricostruire latest effective variant e geometria/lineage prima di qualunque uso in Fase 4.,,https://www.comune.pravisdomini.pn.it/,HTTP_OK_KEYWORD_NOT_FOUND,3648a06688e46c98b3991fe698262b1d6115b0e1ddab553a10545ef87d9439e7
093036,Roveredo in Piano,PN,PRGC Roveredo in piano,Variant 43,APPROVED_PUBLISHED,,,https://irdat.regione.fvg.it/consultatore-dati-ambientali-territoriali/detail/irdat/dataset/12247,2026-09-19,12247,https://irdat.regione.fvg.it/consultatore-dati-ambientali-territoriali/detail/irdat/dataset/12247,Comune di Roveredo in Piano,,,IRDAT/Comune,,,12247,IRDAT_RECORD_DETAIL_INCOMPLETE,CURRENT_SOURCE_FOUND_LINEAGE_INCOMPLETE,"Piano Regolatore Generale del Comune di Roverdeo in Piano. Piano Regolatore Generale Comunale aggiornato alla Variante n. 43 approvata con Delibera del Consiglio Comunale n. 67 in data 18/12/2025, in vigore dal 08/01/2026.",,PUBLIC_CONFIG_DETECTED,D:20170608 H:20170608,NOT_ACQUIRED_CURRENTNESS_UNVERIFIED,,,,,,,Verificare assenza di varianti efficaci successive e allineamento puntuale del vettore.,,,,
093037,Sacile,PN,PRGC Sacile,Variant 85,,,,https://irdat.regione.fvg.it/consultatore-dati-ambientali-territoriali/detail/irdat/dataset/12242,2026-09-19,12242,https://irdat.regione.fvg.it/consultatore-dati-ambientali-territoriali/detail/irdat/dataset/12242,Comune di Sacile,,,IRDAT/Comune,,,12242,IRDAT_RECORD_DETAIL_INCOMPLETE,CURRENT_SOURCE_FOUND_LINEAGE_INCOMPLETE,Piano Regolatore Generale della Citta' di Sacile - Variante n. 85 - Adozione con Delibera del Consiglio Comunale n. 47 del 28/10/2022,,PUBLIC_CONFIG_DETECTED,D:20161229 H:20161229,NOT_ACQUIRED_CURRENTNESS_UNVERIFIED,,,,,,,Verificare assenza di varianti efficaci successive e allineamento puntuale del vettore.,,,,
093038,San Giorgio della Richinvelda,PN,PRGC San Giorgio della Richinvelda,,APPROVED_PUBLISHED,,,https://irdat.regione.fvg.it/consultatore-dati-ambientali-territoriali/detail/irdat/dataset/12197,2026-09-19,12197,https://irdat.regione.fvg.it/consultatore-dati-ambientali-territoriali/detail/irdat/dataset/12197,Comune di San Giorgio della Richinvelda,,,IRDAT/Comune,,,12197,IRDAT_RECORD_DETAIL_INCOMPLETE,CURRENT_SOURCE_FOUND_LINEAGE_INCOMPLETE,Piano Regolatore Generale del Comune di San Giorgio della Richinvelda. Piano Regolatore Generale Comunale aggiornato alla variante urbanistica puntuale di iniziativa pubblica al P.R.G.C. n. 44. Approvata con Delibera di Consiglio Comunale n. 48 del 26.11.2025 - in vigore dal giorno successivo alla pubblicazione sul sul Bollettino Ufficiale della Regione n. 50 del 10.12.2025. Adottata con Delibera di Consiglio Comunale n. 37 del 29.09.2025.,,PUBLIC_CONFIG_DETECTED,D:20160818 H:20160818,NOT_ACQUIRED_CURRENTNESS_UNVERIFIED,,,,,,,Verificare assenza di varianti efficaci successive e allineamento puntuale del vettore.,,,,
093039,San Martino al Tagliamento,PN,,,,,,https://www.comune.sanmartinoaltagliamento.pn.it/media/files/md/093039/DCC_36_del_04-10-2024.pdf,2026-09-19,,,,,,,,,,CURRENT_SOURCE_FOUND_GEOMETRY_TO_VERIFY,CURRENT_SOURCE_FOUND_LINEAGE_INCOMPLETE,DCC 36/04-10-2024 approva variante 28 al PRGC; verifica di eventuali varianti successive necessaria.,,STANDARD_CONFIG_NOT_DETECTED_NOT_A_NEGATIVE_PROOF,D:20170817 H:20170817,NOT_ACQUIRED_CURRENTNESS_UNVERIFIED,,,,,,,Fonte istituzionale corrente individuata; ricostruire latest effective variant e geometria/lineage prima di qualunque uso in Fase 4.,,https://www.comune.sanmartinoaltagliamento.pn.it/media/files/md/093039/DCC_36_del_04-10-2024.pdf,HTTP_OK_PDF_CURATED,0a9313c91a7157bf6b6c85fb1074cc8d8a3a9990467f25b73d91e119d10daf6b
093040,San Quirino,PN,PRGC San Quirino,Variant 80,APPROVED_PUBLISHED,,,https://irdat.regione.fvg.it/consultatore-dati-ambientali-territoriali/detail/irdat/dataset/12202,2026-09-19,12202,https://irdat.regione.fvg.it/consultatore-dati-ambientali-territoriali/detail/irdat/dataset/12202,Comune di San Quirino,,,IRDAT/Comune,,,12202,IRDAT_RECORD_DETAIL_INCOMPLETE,CURRENT_SOURCE_FOUND_LINEAGE_INCOMPLETE,Nuovo Piano Regolatore Generale del Comune di San Quirino. Piano Regolatore Generale Comunale aggiornato alla Variante n. 80 approvata con Delibera di Consiglio Comunale n. 34 del 15/10/2025.,,PUBLIC_CONFIG_DETECTED,D:20171214 H:20171214,NOT_ACQUIRED_CURRENTNESS_UNVERIFIED,,,,,,,Verificare assenza di varianti efficaci successive e allineamento puntuale del vettore.,,,,
093041,San Vito al Tagliamento,PN,PRGC San Vito al Tagliamento,Variant 67,,,,https://irdat.regione.fvg.it/consultatore-dati-ambientali-territoriali/detail/irdat/dataset/12203,2026-09-19,12203,https://irdat.regione.fvg.it/consultatore-dati-ambientali-territoriali/detail/irdat/dataset/12203,Comune di San Vito al Tagliamento,,,IRDAT/Comune,,,12203,IRDAT_RECORD_DETAIL_INCOMPLETE,CURRENT_SOURCE_FOUND_LINEAGE_INCOMPLETE,Piano Regolatore Generale del Comune di San Vito al Tagliamento - Variante 67,,PUBLIC_CONFIG_DETECTED,D:20150723 H:20150723,NOT_ACQUIRED_CURRENTNESS_UNVERIFIED,,,,,,,Verificare assenza di varianti efficaci successive e allineamento puntuale del vettore.,,,,
093042,Sequals,PN,PRGC Sequals,Variant 26,APPROVED_PUBLISHED,,,https://irdat.regione.fvg.it/consultatore-dati-ambientali-territoriali/detail/irdat/dataset/12209,2026-09-19,12209,https://irdat.regione.fvg.it/consultatore-dati-ambientali-territoriali/detail/irdat/dataset/12209,Comune di Sequals,,,IRDAT/Comune,,,12209,IRDAT_RECORD_DETAIL_INCOMPLETE,CURRENT_SOURCE_FOUND_LINEAGE_INCOMPLETE,Piano Regolatore Generale del Comune di Sequals. Variante n. 26 al P.R.G.C. approvata con deliberazione del Consiglio Comunale n. 37 del 29.11.2016 - B.U.R. n. 4 del 25.01.2017 - in vigore dal 26.02.2017.,,PUBLIC_CONFIG_DETECTED,D:20170126 H:20170126,NOT_ACQUIRED_CURRENTNESS_UNVERIFIED,,,,,,,Verificare assenza di varianti efficaci successive e allineamento puntuale del vettore.,,,,
093043,Sesto al Reghena,PN,PRGC Sesto al Reghena,Variant 57,APPROVED_PUBLISHED,,BUR n. 7 del 12.02.2025,https://irdat.regione.fvg.it/consultatore-dati-ambientali-territoriali/detail/irdat/dataset/12210,2026-09-19,12210,https://irdat.regione.fvg.it/consultatore-dati-ambientali-territoriali/detail/irdat/dataset/12210,Comune di Sesto al Reghena,,,IRDAT/Comune,,,12210,IRDAT_RECORD_DETAIL_INCOMPLETE,CURRENT_SOURCE_FOUND_LINEAGE_INCOMPLETE,"Piano Regolatore Generale del Comune di Sesto al Reghena. La Variante 57 è stata adotta con deliberazione di Consiglio Comunale n. 35 del 27.09.2024 e approvata con deliberazione consigliare n. 2 del 27.01.2025, pubblicata sul BUR n. 7 del 12.02.2025 e vigente il giorno successivo.",,PUBLIC_CONFIG_DETECTED,D:20170223 H:20170223,NOT_ACQUIRED_CURRENTNESS_UNVERIFIED,,,,,,,Verificare assenza di varianti efficaci successive e allineamento puntuale del vettore.,,,,
093044,Spilimbergo,PN,PRGC Spilimbergo,,,,,https://irdat.regione.fvg.it/consultatore-dati-ambientali-territoriali/detail/irdat/dataset/12213,2026-09-19,12213,https://irdat.regione.fvg.it/consultatore-dati-ambientali-territoriali/detail/irdat/dataset/12213,Comune di Spilimbergo,,,IRDAT/Comune,,,12213,IRDAT_RECORD_DETAIL_INCOMPLETE,CURRENT_SOURCE_FOUND_LINEAGE_INCOMPLETE,piano regolatore del Comune di Spilimbergo,,PUBLIC_CONFIG_DETECTED,D:20161229 H:20161229,NOT_ACQUIRED_CURRENTNESS_UNVERIFIED,,,,,,,Verificare assenza di varianti efficaci successive e allineamento puntuale del vettore.,,,,
093045,Tramonti di Sopra,PN,PRGC Tramonti di Sopra,,,,,https://irdat.regione.fvg.it/consultatore-dati-ambientali-territoriali/detail/irdat/dataset/12220,2026-09-19,12220,https://irdat.regione.fvg.it/consultatore-dati-ambientali-territoriali/detail/irdat/dataset/12220,Comune di Tramonti di Sopra,,,IRDAT/Comune,,,12220,IRDAT_RECORD_DETAIL_INCOMPLETE,CURRENT_SOURCE_FOUND_LINEAGE_INCOMPLETE,piano regolatore del Comune di Tramonti di Sopra,,PUBLIC_CONFIG_DETECTED,D: H:,NOT_ACQUIRED_CURRENTNESS_UNVERIFIED,,,,,,,Verificare assenza di varianti efficaci successive e allineamento puntuale del vettore.,,,,
093046,Tramonti di Sotto,PN,PRGC Tramonti di Sotto,,,,,https://irdat.regione.fvg.it/consultatore-dati-ambientali-territoriali/detail/irdat/dataset/12221,2026-09-19,12221,https://irdat.regione.fvg.it/consultatore-dati-ambientali-territoriali/detail/irdat/dataset/12221,Comune di Tramonti di Sotto,,,IRDAT/Comune,,,12221,IRDAT_RECORD_DETAIL_INCOMPLETE,CURRENT_SOURCE_FOUND_LINEAGE_INCOMPLETE,piano regolatore del Comune di Tramonti di Sotto,,PUBLIC_CONFIG_DETECTED,D:20110602 H:,NOT_ACQUIRED_CURRENTNESS_UNVERIFIED,,,,,,,Verificare assenza di varianti efficaci successive e allineamento puntuale del vettore.,,,,
093047,Travesio,PN,PRGC Travesio,,,,,https://irdat.regione.fvg.it/consultatore-dati-ambientali-territoriali/detail/irdat/dataset/12223,2026-09-19,12223,https://irdat.regione.fvg.it/consultatore-dati-ambientali-territoriali/detail/irdat/dataset/12223,Comune di Travesio,,,IRDAT/Comune,,,12223,IRDAT_RECORD_DETAIL_INCOMPLETE,CURRENT_SOURCE_FOUND_LINEAGE_INCOMPLETE,piano regolatore del Comune di Travesio,,PUBLIC_CONFIG_DETECTED,D:20171005 H:,NOT_ACQUIRED_CURRENTNESS_UNVERIFIED,,,,,,,Verificare assenza di varianti efficaci successive e allineamento puntuale del vettore.,,,,
093049,Vito d'Asio,PN,PRGC Vito d'Asio,Variant 3,,,,https://irdat.regione.fvg.it/consultatore-dati-ambientali-territoriali/detail/irdat/dataset/12229,2026-09-19,12229,https://irdat.regione.fvg.it/consultatore-dati-ambientali-territoriali/detail/irdat/dataset/12229,Comune di Vito d'Asio,,,IRDAT/Comune,,,12229,IRDAT_RECORD_DETAIL_INCOMPLETE,CURRENT_SOURCE_FOUND_LINEAGE_INCOMPLETE,Piano Regolatore Generale del Comune di Vito d'Asio - Variante 3,,PUBLIC_CONFIG_DETECTED,D:20160922 H:20160922,NOT_ACQUIRED_CURRENTNESS_UNVERIFIED,,,,,,,Verificare assenza di varianti efficaci successive e allineamento puntuale del vettore.,,,,
093050,Vivaro,PN,PRGC Vivaro,Variant 27,APPROVED_PUBLISHED,,,https://irdat.regione.fvg.it/consultatore-dati-ambientali-territoriali/detail/irdat/dataset/12230,2026-09-19,12230,https://irdat.regione.fvg.it/consultatore-dati-ambientali-territoriali/detail/irdat/dataset/12230,Comune di Vivaro,,,IRDAT/Comune,,,12230,IRDAT_RECORD_DETAIL_INCOMPLETE,CURRENT_SOURCE_FOUND_LINEAGE_INCOMPLETE,"Piano Regolatore Generale del Comune di Vivaro. Piano Regolatore Generale Comunale aggiornato alla Variante n. 27, adottato con delibera di Consiglio Comunale n. 47 del 19/11/2021, approvata con delibera del Consiglio Comunale n. 57 del 28/12/2021. AVVISO: si avvisa che la variante puntuale n.24 al PRGC approvata con Delibera del Consiglio comunale n.34 del 16/12/2019, che interessa via di Viera e via Casale Venante, non è attualmente visibile nella cartografia.",,PUBLIC_CONFIG_DETECTED,D:20161103 H:20161103,NOT_ACQUIRED_CURRENTNESS_UNVERIFIED,,,,,,,Verificare assenza di varianti efficaci successive e allineamento puntuale del vettore.,,,,
093051,Zoppola,PN,PRGC Zoppola,Variant 47,APPROVED_PUBLISHED,2024-11-28,BUR n. 16 del 16.04.2025,https://www.comune.zoppola.pn.it/it/servizi-206518/piano-regolatore-generale-comunale-prgc-217182,2026-09-19,12231,https://irdat.regione.fvg.it/consultatore-dati-ambientali-territoriali/detail/irdat/dataset/12231,Comune di Zoppola,2024-03-19,,IRDAT/Comune,Shapefile (shp),RDN2008-TM33NE,12231,VECTOR_AVAILABLE_CURRENTNESS_NOT_VERIFIED,CURRENT_SOURCE_FOUND_LINEAGE_INCOMPLETE,Servizio comunale PRGC vigente con accesso EagleFVG pubblicato 30/08/2024; numero variante corrente non ricostruito in questo audit,https://www.comune.zoppola.pn.it/it/servizi-206518/piano-regolatore-generale-comunale-prgc-217182,PUBLIC_CONFIG_DETECTED,D:20170525 H:20170525,NOT_ACQUIRED_CURRENTNESS_UNVERIFIED,,,,,,,Verificare assenza di varianti efficaci successive e allineamento puntuale del vettore.,,,,
093052,Vajont,PN,PRGC Vajont,PRGC approvato 28/07/2017,OFFICIAL_BUT_STALE_CURRENTNESS_REFERENCE,Approvazione Consiglio Comunale 28/07/2017,,https://www.comune.vajont.pn.it/media/files/093052/attachment/DUPS_2021_2023.pdf,2026-09-19,,,,,,Comune - riferimento PRGC,PDF,,,LINEAGE_NOT_FULLY_VERIFIED,CURRENT_SOURCE_FOUND_LINEAGE_INCOMPLETE,Documento comunale elenca il PRGC tra gli strumenti urbanistici vigenti e riporta l'approvazione del 28/07/2017.,https://www.comune.vajont.pn.it/media/files/093052/attachment/DUPS_2021_2023.pdf,STANDARD_CONFIG_NOT_DETECTED_NOT_A_NEGATIVE_PROOF,D:20110414 H:20110414,NOT_ACQUIRED_LINEAGE_INCOMPLETE,,,,,,,Documento programmatico riferito al 2021-2023: troppo datato per provare da solo l'assenza di varianti efficaci successive al 2026; vettore corrente non verificato.,,https://www.comune.vajont.pn.it/media/files/093052/attachment/DUPS_2021_2023.pdf,MATERIALIZED,BEB64AB000B2D31F31E825528CD4B62BA36739F082A0314624A3924DD5F6FADF
093053,Valvasone Arzene,PN,,,,,,https://servizionline.comune.valvasonearzene.pn.it/ae00813/zf/index.php/trasparenza/index/index/categoria/170,2026-09-19,,,,,,,,,,CURRENT_SOURCE_FOUND_GEOMETRY_TO_VERIFY,CURRENT_SOURCE_FOUND_LINEAGE_INCOMPLETE,Pagina ufficiale descrive disciplina transitoria dei piani ex Arzene/Valvasone e pubblica relativi elaborati; stato del nuovo PRGC da ricostruire.,,STANDARD_CONFIG_NOT_DETECTED_NOT_A_NEGATIVE_PROOF,D: H:,NOT_ACQUIRED_CURRENTNESS_UNVERIFIED,,,,,,,Fonte istituzionale corrente individuata; ricostruire latest effective variant e geometria/lineage prima di qualunque uso in Fase 4.,,https://servizionline.comune.valvasonearzene.pn.it/ae00813/zf/index.php/trasparenza/index/index/categoria/170,HTTP_OK_KEYWORD_CONFIRMED,35a1a52dc96efb85e851e87421bbfdc65c29d5b0f44f0cbc73f1daa1bd305d90
